brand,item,price,image_url,product_url
Intimissimi,Pantalon en Micromodal,25.90 €,https://www.intimissimi.com/dw/image/v2/BCXQ_PRD/on/demandware.static/-/Sites-INT_EC_COM/default/dw5dbb646d/images/PDL701_wear_019_M.jpg?sw=400&sfrm=png,www.intimissimi.com/fr/product/pantalon_en_micromodal-PDL701.html?dwvar_PDL701_Z_COL_INTD=019
Intimissimi,Top en Modal et Cachemire avec Dentelle,29.90 €,https://www.intimissimi.com/dw/image/v2/BCXQ_PRD/on/demandware.static/-/Sites-INT_EC_COM/default/dw0f6dcfc5/images/LTD28P_wear_019_M.jpg?sw=400&sfrm=png,www.intimissimi.com/fr/product/top_en_modal_et_cachemire_avec_dentelle-LTD28P.html?dwvar_LTD28P_Z_COL_INTD=019
Intimissimi,T-Shirt à Manches Longues en Modal avec Col Rond,25.90 €,https://www.intimissimi.com/dw/image/v2/BCXQ_PRD/on/demandware.static/-/Sites-INT_EC_COM/default/dw7957b76a/images/CLD700_wear_031_M.jpg?sw=400&sfrm=png,www.intimissimi.com/fr/product/t-shirt_a_manches_longues_en_modal_avec_col_rond-CLD700.html?dwvar_CLD700_Z_COL_INTD=031
Intimissimi,Pull Manches Longues en Modal/Soie Silk Touch,39.90 €,https://www.intimissimi.com/dw/image/v2/BCXQ_PRD/on/demandware.static/-/Sites-INT_EC_COM/default/dwe18980ac/images/CLD848_wear_597I_M.jpg?sw=400&sfrm=png,www.intimissimi.com/fr/product/pull_manches_longues_en_modal_soie_silk_touch-CLD848.html?dwvar_CLD848_Z_COL_INTD=597I
Intimissimi,Pantalon en Modal Flirty Nudes,25.90 €,https://www.intimissimi.com/dw/image/v2/BCXQ_PRD/on/demandware.static/-/Sites-INT_EC_COM/default/dw7c8cacda/images/PD1355A_wear_590I_M.jpg?sw=400&sfrm=png,www.intimissimi.com/fr/product/pantalon_en_modal_flirty_nudes-PD1355A.html?dwvar_PD1355A_Z_COL_INTD=590I
Intimissimi,Pantalon en Modal/Soie Silk Touch,39.90 €,https://www.intimissimi.com/dw/image/v2/BCXQ_PRD/on/demandware.static/-/Sites-INT_EC_COM/default/dw5f825c57/images/PDL848A_wear_597I_M.jpg?sw=400&sfrm=png,www.intimissimi.com/fr/product/pantalon_en_modal_soie_silk_touch-PDL848A.html?dwvar_PDL848A_Z_COL_INTD=597I
Intimissimi,Pantalon en Modal avec Détails en Dentelle,25.90 €,https://www.intimissimi.com/dw/image/v2/BCXQ_PRD/on/demandware.static/-/Sites-INT_EC_COM/default/dw5b591aca/images/PDL700_wear_031_M.jpg?sw=400&sfrm=png,www.intimissimi.com/fr/product/pantalon_en_modal_avec_details_en_dentelle-PDL700.html?dwvar_PDL700_Z_COL_INTD=031
Intimissimi,Pyjama Long en Coton à Rayures,39.90 €,https://www.intimissimi.com/dw/image/v2/BCXQ_PRD/on/demandware.static/-/Sites-INT_EC_COM/default/dwdfd66a02/images/PLD835_wear_367I_M.jpg?sw=400&sfrm=png,www.intimissimi.com/fr/product/pyjama_long_en_coton_a_rayures-PLD835.html?dwvar_PLD835_Z_COL_INTD=367I
Intimissimi,Pantalon en Satin de Viscose,39.90 €,https://www.intimissimi.com/dw/image/v2/BCXQ_PRD/on/demandware.static/-/Sites-INT_EC_COM/default/dw721569c6/images/PDL702_wear_019_M.jpg?sw=400&sfrm=png,www.intimissimi.com/fr/product/pantalon_en_satin_de_viscose-PDL702.html?dwvar_PDL702_Z_COL_INTD=019
Intimissimi,Veste Coupe Homme en Satin de Viscose,49.90 €,https://www.intimissimi.com/dw/image/v2/BCXQ_PRD/on/demandware.static/-/Sites-INT_EC_COM/default/dwe5e8e5f3/images/CLD702_wear_019_M.jpg?sw=400&sfrm=png,www.intimissimi.com/fr/product/veste_coupe_homme_en_satin_de_viscose-CLD702.html?dwvar_CLD702_Z_COL_INTD=019
Intimissimi,Pantalon en Toile Grattée Winter Sea,25.90 €,https://www.intimissimi.com/dw/image/v2/BCXQ_PRD/on/demandware.static/-/Sites-INT_EC_COM/default/dw9db6538a/images/PDL846A_wear_595I_M.jpg?sw=400&sfrm=png,www.intimissimi.com/fr/product/pantalon_en_toile_grattee_winter_sea-PDL846A.html?dwvar_PDL846A_Z_COL_INTD=595I
Intimissimi,Pantalon en Satin de Soie,69.90 €,https://www.intimissimi.com/dw/image/v2/BCXQ_PRD/on/demandware.static/-/Sites-INT_EC_COM/default/dw43722bed/images/PDL1233_wear_3094_M.jpg?sw=400&sfrm=png,www.intimissimi.com/fr/product/pantalon_en_satin_de_soie-PDL1233.html?dwvar_PDL1233_Z_COL_INTD=3094
Intimissimi,Pull Manches Longues Ouvert Silk Touch,49.90 €,https://www.intimissimi.com/dw/image/v2/BCXQ_PRD/on/demandware.static/-/Sites-INT_EC_COM/default/dwdac0c153/images/CLD848A_wear_597I_M.jpg?sw=400&sfrm=png,www.intimissimi.com/fr/product/pull_manches_longues_ouvert_silk_touch-CLD848A.html?dwvar_CLD848A_Z_COL_INTD=597I
Intimissimi,Débardeur en Soie et Dentelle,39.90 €,https://www.intimissimi.com/dw/image/v2/BCXQ_PRD/on/demandware.static/-/Sites-INT_EC_COM/default/dwafaf8201/images/LTD71S_wear_019_M.jpg?sw=400&sfrm=png,www.intimissimi.com/fr/product/debardeur_en_soie_et_dentelle-LTD71S.html?dwvar_LTD71S_Z_COL_INTD=019
Intimissimi,Haut en Modal Pretty Flower,29.90 €,https://www.intimissimi.com/dw/image/v2/BCXQ_PRD/on/demandware.static/-/Sites-INT_EC_COM/default/dw6c388691/images/CL1294P_wear_9887_M.jpg?sw=400&sfrm=png,www.intimissimi.com/fr/product/haut_en_modal_pretty_flower-CL1294P.html?dwvar_CL1294P_Z_COL_INTD=9887
Intimissimi,Haut à Col Tunisien en Coton Épais Winter Sea,25.90 €,https://www.intimissimi.com/dw/image/v2/BCXQ_PRD/on/demandware.static/-/Sites-INT_EC_COM/default/dwa584d1da/images/CLD846_wear_612I_M.jpg?sw=400&sfrm=png,www.intimissimi.com/fr/product/haut_a_col_tunisien_en_coton_epais_winter_sea-CLD846.html?dwvar_CLD846_Z_COL_INTD=612I
Intimissimi,Veste Coupe Homme en Satin de Soie,89.90 €,https://www.intimissimi.com/dw/image/v2/BCXQ_PRD/on/demandware.static/-/Sites-INT_EC_COM/default/dw73ea0116/images/CLD1233_wear_163I_M.jpg?sw=400&sfrm=png,www.intimissimi.com/fr/product/veste_coupe_homme_en_satin_de_soie-CLD1233.html?dwvar_CLD1233_Z_COL_INTD=163I
Intimissimi,Pyjama Long Imprimé Rosier Mousseux,39.90 €,https://www.intimissimi.com/dw/image/v2/BCXQ_PRD/on/demandware.static/-/Sites-INT_EC_COM/default/dw5c06e53e/images/PLD840_wear_2127_M.jpg?sw=400&sfrm=png,www.intimissimi.com/fr/product/pyjama_long_imprime_rosier_mousseux-PLD840.html?dwvar_PLD840_Z_COL_INTD=2127
Intimissimi,Pull Manches Longues Ouvert Silk Touch,49.90 €,https://www.intimissimi.com/dw/image/v2/BCXQ_PRD/on/demandware.static/-/Sites-INT_EC_COM/default/dw82e4c3ef/images/CLD848A_wear_2127_M.jpg?sw=400&sfrm=png,www.intimissimi.com/fr/product/pull_manches_longues_ouvert_silk_touch-CLD848A.html?dwvar_CLD848A_Z_COL_INTD=2127
Intimissimi,Pantalon avec Bas Resserré en Modal/Soie Silk Touc...,35.90 €,https://www.intimissimi.com/dw/image/v2/BCXQ_PRD/on/demandware.static/-/Sites-INT_EC_COM/default/dwa5ff70ac/images/PDL848_wear_597I_M.jpg?sw=400&sfrm=png,www.intimissimi.com/fr/product/pantalon_avec_bas_resserre_en_modal_soie_silk_touch-PDL848.html?dwvar_PDL848_Z_COL_INTD=597I
Intimissimi,Veste Coupe Homme en Satin de Soie,89.90 €,https://www.intimissimi.com/dw/image/v2/BCXQ_PRD/on/demandware.static/-/Sites-INT_EC_COM/default/dw2672d669/images/CLD1233_wear_3094_M.jpg?sw=400&sfrm=png,www.intimissimi.com/fr/product/veste_coupe_homme_en_satin_de_soie-CLD1233.html?dwvar_CLD1233_Z_COL_INTD=3094
Intimissimi,Pantalon en Satin de Soie,69.90 €,https://www.intimissimi.com/dw/image/v2/BCXQ_PRD/on/demandware.static/-/Sites-INT_EC_COM/default/dw903f1bab/images/PDL1233_wear_163I_M.jpg?sw=400&sfrm=png,www.intimissimi.com/fr/product/pantalon_en_satin_de_soie-PDL1233.html?dwvar_PDL1233_Z_COL_INTD=163I
Intimissimi,Pantalon en Modal/Soie Silk Touch,39.90 €,https://www.intimissimi.com/dw/image/v2/BCXQ_PRD/on/demandware.static/-/Sites-INT_EC_COM/default/dw624b3171/images/PDL848A_wear_2127_M.jpg?sw=400&sfrm=png,www.intimissimi.com/fr/product/pantalon_en_modal_soie_silk_touch-PDL848A.html?dwvar_PDL848A_Z_COL_INTD=2127
Intimissimi,Short en Soie,25.90 €,https://www.intimissimi.com/dw/image/v2/BCXQ_PRD/on/demandware.static/-/Sites-INT_EC_COM/default/dwbf85b433/images/PDC71S_wear_019_M.jpg?sw=400&sfrm=png,www.intimissimi.com/fr/product/short_en_soie-PDC71S.html?dwvar_PDC71S_Z_COL_INTD=019
Intimissimi,Débardeur en Soie et Dentelle,39.90 €,https://www.intimissimi.com/dw/image/v2/BCXQ_PRD/on/demandware.static/-/Sites-INT_EC_COM/default/dw3641b02e/images/LTD71S_wear_496I_M.jpg?sw=400&sfrm=png,www.intimissimi.com/fr/product/debardeur_en_soie_et_dentelle-LTD71S.html?dwvar_LTD71S_Z_COL_INTD=496I
Intimissimi,Haut en Modal Mélangé Côtelé à Manches Longues,25.90 €,https://www.intimissimi.com/dw/image/v2/BCXQ_PRD/on/demandware.static/-/Sites-INT_EC_COM/default/dw7c9d4e89/images/CLD800_wear_180I_M.jpg?sw=400&sfrm=png,www.intimissimi.com/fr/product/haut_en_modal_melange_cotele_a_manches_longues-CLD800.html?dwvar_CLD800_Z_COL_INTD=180I
Intimissimi,Débardeur en Soie et Dentelle,39.90 €,https://www.intimissimi.com/dw/image/v2/BCXQ_PRD/on/demandware.static/-/Sites-INT_EC_COM/default/dw7884f549/images/LTD71S_wear_2280_M.jpg?sw=400&sfrm=png,www.intimissimi.com/fr/product/debardeur_en_soie_et_dentelle-LTD71S.html?dwvar_LTD71S_Z_COL_INTD=2280
Intimissimi,Pantalon en Modal Pretty Flower,25.90 €,https://www.intimissimi.com/dw/image/v2/BCXQ_PRD/on/demandware.static/-/Sites-INT_EC_COM/default/dw51b6e3fb/images/PD1294P_wear_9887_M.jpg?sw=400&sfrm=png,www.intimissimi.com/fr/product/pantalon_en_modal_pretty_flower-PD1294P.html?dwvar_PD1294P_Z_COL_INTD=9887
Intimissimi,Haut en Modal Mélangé Côtelé à Manches Courtes,25.90 €,https://www.intimissimi.com/dw/image/v2/BCXQ_PRD/on/demandware.static/-/Sites-INT_EC_COM/default/dw1b6ffe8e/images/CMD800_wear_180I_M.jpg?sw=400&sfrm=png,www.intimissimi.com/fr/product/haut_en_modal_melange_cotele_a_manches_courtes-CMD800.html?dwvar_CMD800_Z_COL_INTD=180I
Intimissimi,Short en Modal Mélangé Côtelé,19.90 €,https://www.intimissimi.com/dw/image/v2/BCXQ_PRD/on/demandware.static/-/Sites-INT_EC_COM/default/dwff5ad296/images/PDC800_wear_179I_M.jpg?sw=400&sfrm=png,www.intimissimi.com/fr/product/short_en_modal_melange_cotele-PDC800.html?dwvar_PDC800_Z_COL_INTD=179I
Intimissimi,Top en Satin de Soie,39.90 €,https://www.intimissimi.com/dw/image/v2/BCXQ_PRD/on/demandware.static/-/Sites-INT_EC_COM/default/dw2e73e3fe/images/LT71S3_wear_019_M.jpg?sw=400&sfrm=png,www.intimissimi.com/fr/product/top_en_satin_de_soie-LT71S3.html?dwvar_LT71S3_Z_COL_INTD=019
Intimissimi,Veste en Modal Pretty Flower,39.90 €,https://www.intimissimi.com/dw/image/v2/BCXQ_PRD/on/demandware.static/-/Sites-INT_EC_COM/default/dw18bfd73f/images/CL1294Q_wear_9887_M.jpg?sw=400&sfrm=png,www.intimissimi.com/fr/product/veste_en_modal_pretty_flower-CL1294Q.html?dwvar_CL1294Q_Z_COL_INTD=9887
Intimissimi,Short en Soie,25.90 €,https://www.intimissimi.com/dw/image/v2/BCXQ_PRD/on/demandware.static/-/Sites-INT_EC_COM/default/dwfcb4894c/images/PDC71S_wear_496I_M.jpg?sw=400&sfrm=png,www.intimissimi.com/fr/product/short_en_soie-PDC71S.html?dwvar_PDC71S_Z_COL_INTD=496I
Intimissimi,Robe de chambre en Jersey en Fibre de Viscose de B...,49.90 €,https://www.intimissimi.com/dw/image/v2/BCXQ_PRD/on/demandware.static/-/Sites-INT_EC_COM/default/dwaed4972d/images/PVD801_wear_019_M.jpg?sw=400&sfrm=png,www.intimissimi.com/fr/product/robe_de_chambre_en_jersey_en_fibre_de_viscose_de_bambou_natural_feeling-PVD801.html?dwvar_PVD801_Z_COL_INTD=019
Intimissimi,Débardeur en Soie et Dentelle,39.90 €,https://www.intimissimi.com/dw/image/v2/BCXQ_PRD/on/demandware.static/-/Sites-INT_EC_COM/default/dw64fe146d/images/LTD71S_wear_2127_M.jpg?sw=400&sfrm=png,www.intimissimi.com/fr/product/debardeur_en_soie_et_dentelle-LTD71S.html?dwvar_LTD71S_Z_COL_INTD=2127
Intimissimi,Short Ultra-léger en Cachemire et Modal avec Dente...,19.90 €,https://www.intimissimi.com/dw/image/v2/BCXQ_PRD/on/demandware.static/-/Sites-INT_EC_COM/default/dw725b8f11/images/PDC28P_wear_019_M.jpg?sw=400&sfrm=png,www.intimissimi.com/fr/product/short_ultra-leger_en_cachemire_et_modal_avec_dentelle-PDC28P.html?dwvar_PDC28P_Z_COL_INTD=019
Intimissimi,T-Shirt Manches Courtes en Modal Détails Dentelle,19.90 €,https://www.intimissimi.com/dw/image/v2/BCXQ_PRD/on/demandware.static/-/Sites-INT_EC_COM/default/dweee37d26/images/CMD700_wear_031_M.jpg?sw=400&sfrm=png,www.intimissimi.com/fr/product/t-shirt_manches_courtes_en_modal_details_dentelle-CMD700.html?dwvar_CMD700_Z_COL_INTD=031
Intimissimi,Pantalon en Modal avec chevilles Pretty Flower,25.90 €,https://www.intimissimi.com/dw/image/v2/BCXQ_PRD/on/demandware.static/-/Sites-INT_EC_COM/default/dw751c0a23/images/PD1294Q_wear_9887_M.jpg?sw=400&sfrm=png,www.intimissimi.com/fr/product/pantalon_en_modal_avec_chevilles_pretty_flower-PD1294Q.html?dwvar_PD1294Q_Z_COL_INTD=9887
Intimissimi,Débardeur en Soie et Dentelle,39.90 €,https://www.intimissimi.com/dw/image/v2/BCXQ_PRD/on/demandware.static/-/Sites-INT_EC_COM/default/dwe0acecd0/images/LTD71S_wear_3096_M.jpg?sw=400&sfrm=png,www.intimissimi.com/fr/product/debardeur_en_soie_et_dentelle-LTD71S.html?dwvar_LTD71S_Z_COL_INTD=3096
Intimissimi,Pyjama en Toile de Modal Rayée,59.90 €,https://www.intimissimi.com/dw/image/v2/BCXQ_PRD/on/demandware.static/-/Sites-INT_EC_COM/default/dwa7752724/images/PLD798_wear_373I_M.jpg?sw=400&sfrm=png,www.intimissimi.com/fr/product/pyjama_en_toile_de_modal_rayee-PLD798.html?dwvar_PLD798_Z_COL_INTD=373I
Intimissimi,Short en Soie,25.90 €,https://www.intimissimi.com/dw/image/v2/BCXQ_PRD/on/demandware.static/-/Sites-INT_EC_COM/default/dw4f004c42/images/PDC71S_wear_2127_M.jpg?sw=400&sfrm=png,www.intimissimi.com/fr/product/short_en_soie-PDC71S.html?dwvar_PDC71S_Z_COL_INTD=2127
Intimissimi,Haut en Modal Mélangé Côtelé à Manches Longues,25.90 €,https://www.intimissimi.com/dw/image/v2/BCXQ_PRD/on/demandware.static/-/Sites-INT_EC_COM/default/dw2ff27329/images/CLD800_wear_179I_M.jpg?sw=400&sfrm=png,www.intimissimi.com/fr/product/haut_en_modal_melange_cotele_a_manches_longues-CLD800.html?dwvar_CLD800_Z_COL_INTD=179I
Intimissimi,Débardeur en Soie et Dentelle,39.90 €,https://www.intimissimi.com/dw/image/v2/BCXQ_PRD/on/demandware.static/-/Sites-INT_EC_COM/default/dw6588a3c1/images/LTD71S_wear_163I_M.jpg?sw=400&sfrm=png,www.intimissimi.com/fr/product/debardeur_en_soie_et_dentelle-LTD71S.html?dwvar_LTD71S_Z_COL_INTD=163I
Intimissimi,Chemise de Nuit Ouverte avec Détails en Dentelle,39.90 €,https://www.intimissimi.com/dw/image/v2/BCXQ_PRD/on/demandware.static/-/Sites-INT_EC_COM/default/dw8f4b037b/images/PCN700_wear_031_M.jpg?sw=400&sfrm=png,www.intimissimi.com/fr/product/chemise_de_nuit_ouverte_avec_details_en_dentelle-PCN700.html?dwvar_PCN700_Z_COL_INTD=031
Intimissimi,Pantalon en Satin de Soie,69.90 €,https://www.intimissimi.com/dw/image/v2/BCXQ_PRD/on/demandware.static/-/Sites-INT_EC_COM/default/dw500b498d/images/PDL1233_wear_019_M.jpg?sw=400&sfrm=png,www.intimissimi.com/fr/product/pantalon_en_satin_de_soie-PDL1233.html?dwvar_PDL1233_Z_COL_INTD=019
Intimissimi,Chemise de Nuit en Coton Supima® Ultrafresh,25.90 €,https://www.intimissimi.com/dw/image/v2/BCXQ_PRD/on/demandware.static/-/Sites-INT_EC_COM/default/dwb06adeb8/images/PCN12A_wear_019_M.jpg?sw=400&sfrm=png,www.intimissimi.com/fr/product/chemise_de_nuit_en_coton_supima%C2%AE_ultrafresh-PCN12A.html?dwvar_PCN12A_Z_COL_INTD=019
Intimissimi,Chemise de Nuit en Modal/Soie Silk Touch,49.90 €,https://www.intimissimi.com/dw/image/v2/BCXQ_PRD/on/demandware.static/-/Sites-INT_EC_COM/default/dw14a4241a/images/PCN848_wear_597I_M.jpg?sw=400&sfrm=png,www.intimissimi.com/fr/product/chemise_de_nuit_en_modal_soie_silk_touch-PCN848.html?dwvar_PCN848_Z_COL_INTD=597I
Intimissimi,Short en Jersey en Fibre de Viscose de Bambou Natu...,19.90 €,https://www.intimissimi.com/dw/image/v2/BCXQ_PRD/on/demandware.static/-/Sites-INT_EC_COM/default/dw5e6fe846/images/PDC801_wear_019_M.jpg?sw=400&sfrm=png,www.intimissimi.com/fr/product/short_en_jersey_en_fibre_de_viscose_de_bambou_natural_feeling-PDC801.html?dwvar_PDC801_Z_COL_INTD=019
Intimissimi,Pull Manches Longues en Modal/Soie Silk Touch,39.90 €,https://www.intimissimi.com/dw/image/v2/BCXQ_PRD/on/demandware.static/-/Sites-INT_EC_COM/default/dwca807aad/images/CLD848_wear_2127_M.jpg?sw=400&sfrm=png,www.intimissimi.com/fr/product/pull_manches_longues_en_modal_soie_silk_touch-CLD848.html?dwvar_CLD848_Z_COL_INTD=2127
Intimissimi,Chemise de Nuit en Coton Supima® Ultrafresh,25.90 €,https://www.intimissimi.com/dw/image/v2/BCXQ_PRD/on/demandware.static/-/Sites-INT_EC_COM/default/dwdd9c1bfe/images/PCN12A_wear_1467_M.jpg?sw=400&sfrm=png,www.intimissimi.com/fr/product/chemise_de_nuit_en_coton_supima%C2%AE_ultrafresh-PCN12A.html?dwvar_PCN12A_Z_COL_INTD=1467
Intimissimi,Short en Modal Mélangé Côtelé,19.90 €,https://www.intimissimi.com/dw/image/v2/BCXQ_PRD/on/demandware.static/-/Sites-INT_EC_COM/default/dwdcec0e8b/images/PDC800_wear_180I_M.jpg?sw=400&sfrm=png,www.intimissimi.com/fr/product/short_en_modal_melange_cotele-PDC800.html?dwvar_PDC800_Z_COL_INTD=180I
Intimissimi,Kimono en Soie,99.90 €,https://www.intimissimi.com/dw/image/v2/BCXQ_PRD/on/demandware.static/-/Sites-INT_EC_COM/default/dw1d89230d/images/PVD71S_wear_019_M.jpg?sw=400&sfrm=png,www.intimissimi.com/fr/product/kimono_en_soie-PVD71S.html?dwvar_PVD71S_Z_COL_INTD=019
Intimissimi,Chemise de Nuit en Coton Supima® Ultrafresh,25.90 €,https://www.intimissimi.com/dw/image/v2/BCXQ_PRD/on/demandware.static/-/Sites-INT_EC_COM/default/dwaa1245e1/images/PCN12A_wear_011I_M.jpg?sw=400&sfrm=png,www.intimissimi.com/fr/product/chemise_de_nuit_en_coton_supima%C2%AE_ultrafresh-PCN12A.html?dwvar_PCN12A_Z_COL_INTD=011I
Intimissimi,Veste Coupe Homme en Satin de Soie,89.90 €,https://www.intimissimi.com/dw/image/v2/BCXQ_PRD/on/demandware.static/-/Sites-INT_EC_COM/default/dwf15950fe/images/CLD1233_wear_019_M.jpg?sw=400&sfrm=png,www.intimissimi.com/fr/product/veste_coupe_homme_en_satin_de_soie-CLD1233.html?dwvar_CLD1233_Z_COL_INTD=019
Intimissimi,Pyjama Long en Coton à Rayures et Côtes,49.90 €,https://www.intimissimi.com/dw/image/v2/BCXQ_PRD/on/demandware.static/-/Sites-INT_EC_COM/default/dwdd520bf7/images/PLD837_wear_370I_M.jpg?sw=400&sfrm=png,www.intimissimi.com/fr/product/pyjama_long_en_coton_a_rayures_et_cotes-PLD837.html?dwvar_PLD837_Z_COL_INTD=370I
Intimissimi,Short en Soie,25.90 €,https://www.intimissimi.com/dw/image/v2/BCXQ_PRD/on/demandware.static/-/Sites-INT_EC_COM/default/dwb46430d2/images/PDC71S_wear_1473_M.jpg?sw=400&sfrm=png,www.intimissimi.com/fr/product/short_en_soie-PDC71S.html?dwvar_PDC71S_Z_COL_INTD=1473
Intimissimi,Short en Modal avec Détails en Dentelle,19.90 €,https://www.intimissimi.com/dw/image/v2/BCXQ_PRD/on/demandware.static/-/Sites-INT_EC_COM/default/dwdb1488cd/images/PDC700_wear_031_M.jpg?sw=400&sfrm=png,www.intimissimi.com/fr/product/short_en_modal_avec_details_en_dentelle-PDC700.html?dwvar_PDC700_Z_COL_INTD=031
Intimissimi,Pantalon avec Bas Resserré en Modal/Soie Silk Touc...,35.90 €,https://www.intimissimi.com/dw/image/v2/BCXQ_PRD/on/demandware.static/-/Sites-INT_EC_COM/default/dw38c0e34b/images/PDL848_wear_2127_M.jpg?sw=400&sfrm=png,www.intimissimi.com/fr/product/pantalon_avec_bas_resserre_en_modal_soie_silk_touch-PDL848.html?dwvar_PDL848_Z_COL_INTD=2127
Intimissimi,Short en Soie,25.90 €,https://www.intimissimi.com/dw/image/v2/BCXQ_PRD/on/demandware.static/-/Sites-INT_EC_COM/default/dw4f1c245c/images/PDC71S_wear_6907_M.jpg?sw=400&sfrm=png,www.intimissimi.com/fr/product/short_en_soie-PDC71S.html?dwvar_PDC71S_Z_COL_INTD=6907
Intimissimi,Top en Modal et Cachemire avec Dentelle,29.90 €,https://www.intimissimi.com/dw/image/v2/BCXQ_PRD/on/demandware.static/-/Sites-INT_EC_COM/default/dwc32b91e5/images/LTD28P_wear_6681_M.jpg?sw=400&sfrm=png,www.intimissimi.com/fr/product/top_en_modal_et_cachemire_avec_dentelle-LTD28P.html?dwvar_LTD28P_Z_COL_INTD=6681
Intimissimi,Short en Soie,25.90 €,https://www.intimissimi.com/dw/image/v2/BCXQ_PRD/on/demandware.static/-/Sites-INT_EC_COM/default/dw32cc12bb/images/PDC71S_wear_163I_M.jpg?sw=400&sfrm=png,www.intimissimi.com/fr/product/short_en_soie-PDC71S.html?dwvar_PDC71S_Z_COL_INTD=163I
Intimissimi,Short en Soie,25.90 €,https://www.intimissimi.com/dw/image/v2/BCXQ_PRD/on/demandware.static/-/Sites-INT_EC_COM/default/dwb2fb1319/images/PDC71S_wear_497I_M.jpg?sw=400&sfrm=png,www.intimissimi.com/fr/product/short_en_soie-PDC71S.html?dwvar_PDC71S_Z_COL_INTD=497I
Intimissimi,Short en Soie,25.90 €,https://www.intimissimi.com/dw/image/v2/BCXQ_PRD/on/demandware.static/-/Sites-INT_EC_COM/default/dwe1a82872/images/PDC71S_wear_2280_M.jpg?sw=400&sfrm=png,www.intimissimi.com/fr/product/short_en_soie-PDC71S.html?dwvar_PDC71S_Z_COL_INTD=2280
Intimissimi,Chemise de Nuit en Modal Côtelé,39.90 €,https://www.intimissimi.com/dw/image/v2/BCXQ_PRD/on/demandware.static/-/Sites-INT_EC_COM/default/dw0fc03002/images/PCN800_wear_180I_M.jpg?sw=400&sfrm=png,www.intimissimi.com/fr/product/chemise_de_nuit_en_modal_cotele-PCN800.html?dwvar_PCN800_Z_COL_INTD=180I
Intimissimi,Veste en Molleton de Modal et Cachemire Snow Queen,49.90 €,https://www.intimissimi.com/dw/image/v2/BCXQ_PRD/on/demandware.static/-/Sites-INT_EC_COM/default/dwffc3e3e3/images/CLD1404_wear_3130_M.jpg?sw=400&sfrm=png,www.intimissimi.com/fr/product/veste_en_molleton_de_modal_et_cachemire_snow_queen-CLD1404.html?dwvar_CLD1404_Z_COL_INTD=3130
Intimissimi,Haut en Modal Mélangé Côtelé à Manches Courtes,25.90 €,https://www.intimissimi.com/dw/image/v2/BCXQ_PRD/on/demandware.static/-/Sites-INT_EC_COM/default/dw2aa04fc0/images/CMD800_wear_179I_M.jpg?sw=400&sfrm=png,www.intimissimi.com/fr/product/haut_en_modal_melange_cotele_a_manches_courtes-CMD800.html?dwvar_CMD800_Z_COL_INTD=179I
Intimissimi,Débardeur en Soie et Dentelle,39.90 €,https://www.intimissimi.com/dw/image/v2/BCXQ_PRD/on/demandware.static/-/Sites-INT_EC_COM/default/dwbcad5bcd/images/LTD71S_wear_6907_M.jpg?sw=400&sfrm=png,www.intimissimi.com/fr/product/debardeur_en_soie_et_dentelle-LTD71S.html?dwvar_LTD71S_Z_COL_INTD=6907
Intimissimi,Chemise de Nuit en Coton Supima® Ultrafresh,25.90 €,https://www.intimissimi.com/dw/image/v2/BCXQ_PRD/on/demandware.static/-/Sites-INT_EC_COM/default/dwe6564e58/images/PCN12A_wear_031_M.jpg?sw=400&sfrm=png,www.intimissimi.com/fr/product/chemise_de_nuit_en_coton_supima%C2%AE_ultrafresh-PCN12A.html?dwvar_PCN12A_Z_COL_INTD=031
Intimissimi,Leggings en Modal Mélangé Côtelé,25.90 €,https://www.intimissimi.com/dw/image/v2/BCXQ_PRD/on/demandware.static/-/Sites-INT_EC_COM/default/dw8fb1dcbf/images/PDL800A_wear_180I_M.jpg?sw=400&sfrm=png,www.intimissimi.com/fr/product/leggings_en_modal_melange_cotele-PDL800A.html?dwvar_PDL800A_Z_COL_INTD=180I
Intimissimi,Top à Fines Bretelles en Fibre de Viscose de Bambo...,25.90 €,https://www.intimissimi.com/dw/image/v2/BCXQ_PRD/on/demandware.static/-/Sites-INT_EC_COM/default/dwae3b4e81/images/LTD801_wear_019_M.jpg?sw=400&sfrm=png,www.intimissimi.com/fr/product/top_a_fines_bretelles_en_fibre_de_viscose_de_bambou_natural_feeling-LTD801.html?dwvar_LTD801_Z_COL_INTD=019
Intimissimi,Pantalon en Molleton de Modal et Cachemire Snow Qu...,29.90 €,https://www.intimissimi.com/dw/image/v2/BCXQ_PRD/on/demandware.static/-/Sites-INT_EC_COM/default/dw8e258cbf/images/PDL1404_wear_3130_M.jpg?sw=400&sfrm=png,www.intimissimi.com/fr/product/pantalon_en_molleton_de_modal_et_cachemire_snow_queen-PDL1404.html?dwvar_PDL1404_Z_COL_INTD=3130
Intimissimi,Débardeur en Soie et Dentelle,39.90 €,https://www.intimissimi.com/dw/image/v2/BCXQ_PRD/on/demandware.static/-/Sites-INT_EC_COM/default/dwd79b9e05/images/LTD71S_wear_497I_M.jpg?sw=400&sfrm=png,www.intimissimi.com/fr/product/debardeur_en_soie_et_dentelle-LTD71S.html?dwvar_LTD71S_Z_COL_INTD=497I
Intimissimi,Top à Fines Bretelles en Soie Pretty Flowers,39.90 €,https://www.intimissimi.com/dw/image/v2/BCXQ_PRD/on/demandware.static/-/Sites-INT_EC_COM/default/dw34aba0f3/images/LT1294A_wear_9887_M.jpg?sw=400&sfrm=png,www.intimissimi.com/fr/product/top_a_fines_bretelles_en_soie_pretty_flowers-LT1294A.html?dwvar_LT1294A_Z_COL_INTD=9887
Intimissimi,Leggings en Modal Mélangé Côtelé,25.90 €,https://www.intimissimi.com/dw/image/v2/BCXQ_PRD/on/demandware.static/-/Sites-INT_EC_COM/default/dwbc03a094/images/PDL800A_wear_179I_M.jpg?sw=400&sfrm=png,www.intimissimi.com/fr/product/leggings_en_modal_melange_cotele-PDL800A.html?dwvar_PDL800A_Z_COL_INTD=179I
Intimissimi,Short en Soie,25.90 €,https://www.intimissimi.com/dw/image/v2/BCXQ_PRD/on/demandware.static/-/Sites-INT_EC_COM/default/dw3d37d1d9/images/PDC71S_wear_498I_M.jpg?sw=400&sfrm=png,www.intimissimi.com/fr/product/short_en_soie-PDC71S.html?dwvar_PDC71S_Z_COL_INTD=498I
Intimissimi,Bomber en Polaire Winter Sea,39.90 €,https://www.intimissimi.com/dw/image/v2/BCXQ_PRD/on/demandware.static/-/Sites-INT_EC_COM/default/dw9be4098f/images/PVD846A_wear_595I_M.jpg?sw=400&sfrm=png,www.intimissimi.com/fr/product/bomber_en_polaire_winter_sea-PVD846A.html?dwvar_PVD846A_Z_COL_INTD=595I
Intimissimi,Top en Modal et Cachemire avec Dentelle,29.90 €,https://www.intimissimi.com/dw/image/v2/BCXQ_PRD/on/demandware.static/-/Sites-INT_EC_COM/default/dwcf97c896/images/LTD28P_wear_1467_M.jpg?sw=400&sfrm=png,www.intimissimi.com/fr/product/top_en_modal_et_cachemire_avec_dentelle-LTD28P.html?dwvar_LTD28P_Z_COL_INTD=1467
Intimissimi,Top en Satin de Soie,39.90 €,https://www.intimissimi.com/dw/image/v2/BCXQ_PRD/on/demandware.static/-/Sites-INT_EC_COM/default/dw5b304338/images/LT71S3_wear_2280_M.jpg?sw=400&sfrm=png,www.intimissimi.com/fr/product/top_en_satin_de_soie-LT71S3.html?dwvar_LT71S3_Z_COL_INTD=2280
Intimissimi,Pyjama Long en Jersey de Modal,49.90 €,https://www.intimissimi.com/dw/image/v2/BCXQ_PRD/on/demandware.static/-/Sites-INT_EC_COM/default/dwedbb5dec/images/PLD834_wear_366I_M.jpg?sw=400&sfrm=png,www.intimissimi.com/fr/product/pyjama_long_en_jersey_de_modal-PLD834.html?dwvar_PLD834_Z_COL_INTD=366I
Intimissimi,Pantalon en Micromodal,25.90 €,https://www.intimissimi.com/dw/image/v2/BCXQ_PRD/on/demandware.static/-/Sites-INT_EC_COM/default/dwfa4db67a/images/PDL701_wear_1473_M.jpg?sw=400&sfrm=png,www.intimissimi.com/fr/product/pantalon_en_micromodal-PDL701.html?dwvar_PDL701_Z_COL_INTD=1473
Intimissimi,Top en Modal et Cachemire avec Dentelle,29.90 €,https://www.intimissimi.com/dw/image/v2/BCXQ_PRD/on/demandware.static/-/Sites-INT_EC_COM/default/dwbc68f0c6/images/LTD28P_wear_3685_M.jpg?sw=400&sfrm=png,www.intimissimi.com/fr/product/top_en_modal_et_cachemire_avec_dentelle-LTD28P.html?dwvar_LTD28P_Z_COL_INTD=3685
Intimissimi,Pyjama Long Côtelé en Modal Imprimé Floréal,59.90 €,https://www.intimissimi.com/dw/image/v2/BCXQ_PRD/on/demandware.static/-/Sites-INT_EC_COM/default/dw06119365/images/PLD839_wear_372I_M.jpg?sw=400&sfrm=png,www.intimissimi.com/fr/product/pyjama_long_cotele_en_modal_imprime_floreal-PLD839.html?dwvar_PLD839_Z_COL_INTD=372I
Intimissimi,Pantalon en Satin de Soie,69.90 €,https://www.intimissimi.com/dw/image/v2/BCXQ_PRD/on/demandware.static/-/Sites-INT_EC_COM/default/dwa31dcc46/images/PDL1233_wear_2127_M.jpg?sw=400&sfrm=png,www.intimissimi.com/fr/product/pantalon_en_satin_de_soie-PDL1233.html?dwvar_PDL1233_Z_COL_INTD=2127
Intimissimi,Déshabillé en Soie Slip Into Elegance,129.90 €,https://www.intimissimi.com/dw/image/v2/BCXQ_PRD/on/demandware.static/-/Sites-INT_EC_COM/default/dw93a767cd/images/PVD1396_wear_2127_M.jpg?sw=400&sfrm=png,www.intimissimi.com/fr/product/deshabille_en_soie_slip_into_elegance-PVD1396.html?dwvar_PVD1396_Z_COL_INTD=2127
Intimissimi,Short en Soie,25.90 €,https://www.intimissimi.com/dw/image/v2/BCXQ_PRD/on/demandware.static/-/Sites-INT_EC_COM/default/dw68649016/images/PDC71S_wear_1467_M.jpg?sw=400&sfrm=png,www.intimissimi.com/fr/product/short_en_soie-PDC71S.html?dwvar_PDC71S_Z_COL_INTD=1467
Intimissimi,Caraco en Modal Mélangé Côtelé,19.90 €,https://www.intimissimi.com/dw/image/v2/BCXQ_PRD/on/demandware.static/-/Sites-INT_EC_COM/default/dw9e565318/images/CGD800_wear_179I_M.jpg?sw=400&sfrm=png,www.intimissimi.com/fr/product/caraco_en_modal_melange_cotele-CGD800.html?dwvar_CGD800_Z_COL_INTD=179I
Intimissimi,Short en Soie,25.90 €,https://www.intimissimi.com/dw/image/v2/BCXQ_PRD/on/demandware.static/-/Sites-INT_EC_COM/default/dwa4e537a8/images/PDC71S_wear_6213_M.jpg?sw=400&sfrm=png,www.intimissimi.com/fr/product/short_en_soie-PDC71S.html?dwvar_PDC71S_Z_COL_INTD=6213
Intimissimi,Pantalon Ample en Modal Mélangé Côtelé,25.90 €,https://www.intimissimi.com/dw/image/v2/BCXQ_PRD/on/demandware.static/-/Sites-INT_EC_COM/default/dwbc024189/images/PDL800_wear_179I_M.jpg?sw=400&sfrm=png,www.intimissimi.com/fr/product/pantalon_ample_en_modal_melange_cotele-PDL800.html?dwvar_PDL800_Z_COL_INTD=179I
Intimissimi,Top à Fines Bretelles en Micromodal,25.90 €,https://www.intimissimi.com/dw/image/v2/BCXQ_PRD/on/demandware.static/-/Sites-INT_EC_COM/default/dw04fc7b82/images/LTD701_wear_019_M.jpg?sw=400&sfrm=png,www.intimissimi.com/fr/product/top_a_fines_bretelles_en_micromodal-LTD701.html?dwvar_LTD701_Z_COL_INTD=019
Intimissimi,Short Lisse en Satin de Soie,25.90 €,https://www.intimissimi.com/dw/image/v2/BCXQ_PRD/on/demandware.static/-/Sites-INT_EC_COM/default/dw571e2453/images/PD71S3_wear_019_M.jpg?sw=400&sfrm=png,www.intimissimi.com/fr/product/short_lisse_en_satin_de_soie-PD71S3.html?dwvar_PD71S3_Z_COL_INTD=019
Intimissimi,Pantalon en Toile Grattée Tales of Wales,25.90 €,https://www.intimissimi.com/dw/image/v2/BCXQ_PRD/on/demandware.static/-/Sites-INT_EC_COM/default/dw9c4ff865/images/PDL849_wear_611I_M.jpg?sw=400&sfrm=png,www.intimissimi.com/fr/product/pantalon_en_toile_grattee_tales_of_wales-PDL849.html?dwvar_PDL849_Z_COL_INTD=611I
Intimissimi,Short Ultra-léger en Cachemire et Modal avec Dente...,19.90 €,https://www.intimissimi.com/dw/image/v2/BCXQ_PRD/on/demandware.static/-/Sites-INT_EC_COM/default/dwd2aacb21/images/PDC28P_wear_6681_M.jpg?sw=400&sfrm=png,www.intimissimi.com/fr/product/short_ultra-leger_en_cachemire_et_modal_avec_dentelle-PDC28P.html?dwvar_PDC28P_Z_COL_INTD=6681
Intimissimi,Short en Satin de Viscose Snake Charmer,29.90 €,https://www.intimissimi.com/dw/image/v2/BCXQ_PRD/on/demandware.static/-/Sites-INT_EC_COM/default/dwbd60b67b/images/PDC1400_wear_494I_M.jpg?sw=400&sfrm=png,www.intimissimi.com/fr/product/short_en_satin_de_viscose_snake_charmer-PDC1400.html?dwvar_PDC1400_Z_COL_INTD=494I
Intimissimi,Pantalon Ample en Modal Mélangé Côtelé,25.90 €,https://www.intimissimi.com/dw/image/v2/BCXQ_PRD/on/demandware.static/-/Sites-INT_EC_COM/default/dw13edaef0/images/PDL800_wear_180I_M.jpg?sw=400&sfrm=png,www.intimissimi.com/fr/product/pantalon_ample_en_modal_melange_cotele-PDL800.html?dwvar_PDL800_Z_COL_INTD=180I
Intimissimi,Robe de Chambre en Point de Milan Jacquard,49.90 €,https://www.intimissimi.com/dw/image/v2/BCXQ_PRD/on/demandware.static/-/Sites-INT_EC_COM/default/dw4392c1bc/images/PVD657_wear_602I_M.jpg?sw=400&sfrm=png,www.intimissimi.com/fr/product/robe_de_chambre_en_point_de_milan_jacquard-PVD657.html?dwvar_PVD657_Z_COL_INTD=602I
Intimissimi,Chemise de Nuit en Modal Côtelé,39.90 €,https://www.intimissimi.com/dw/image/v2/BCXQ_PRD/on/demandware.static/-/Sites-INT_EC_COM/default/dw789dd1c0/images/PCN800_wear_179I_M.jpg?sw=400&sfrm=png,www.intimissimi.com/fr/product/chemise_de_nuit_en_modal_cotele-PCN800.html?dwvar_PCN800_Z_COL_INTD=179I
Intimissimi,Short Lisse en Satin de Soie,25.90 €,https://www.intimissimi.com/dw/image/v2/BCXQ_PRD/on/demandware.static/-/Sites-INT_EC_COM/default/dw8ac74670/images/PD71S3_wear_2127_M.jpg?sw=400&sfrm=png,www.intimissimi.com/fr/product/short_lisse_en_satin_de_soie-PD71S3.html?dwvar_PD71S3_Z_COL_INTD=2127
Intimissimi,Haut en Molleton de Modal et Cachemire avec Insert...,35.90 €,https://www.intimissimi.com/dw/image/v2/BCXQ_PRD/on/demandware.static/-/Sites-INT_EC_COM/default/dwe5dc053f/images/CLD845_3439_F.jpg?sw=400&sfrm=png,www.intimissimi.com/fr/product/haut_en_molleton_de_modal_et_cachemire_avec_inserts_matelasses-CLD845.html?dwvar_CLD845_Z_COL_INTD=3439
Intimissimi,Caraco en Modal Mélangé Côtelé,19.90 €,https://www.intimissimi.com/dw/image/v2/BCXQ_PRD/on/demandware.static/-/Sites-INT_EC_COM/default/dwce0b4f6c/images/CGD800_wear_180I_M.jpg?sw=400&sfrm=png,www.intimissimi.com/fr/product/caraco_en_modal_melange_cotele-CGD800.html?dwvar_CGD800_Z_COL_INTD=180I
Intimissimi,Short en Soie,25.90 €,https://www.intimissimi.com/dw/image/v2/BCXQ_PRD/on/demandware.static/-/Sites-INT_EC_COM/default/dwa9e6a621/images/PDC71S_wear_499I_M.jpg?sw=400&sfrm=png,www.intimissimi.com/fr/product/short_en_soie-PDC71S.html?dwvar_PDC71S_Z_COL_INTD=499I
Intimissimi,Short en Soie Pretty Something,35.90 €,https://www.intimissimi.com/dw/image/v2/BCXQ_PRD/on/demandware.static/-/Sites-INT_EC_COM/default/dw12d78bad/images/PDC1395_wear_492I_M.jpg?sw=400&sfrm=png,www.intimissimi.com/fr/product/short_en_soie_pretty_something-PDC1395.html?dwvar_PDC1395_Z_COL_INTD=492I
Intimissimi,Chaussons Matelassés avec Fourrure Écologique,15.90 €,https://www.intimissimi.com/dw/image/v2/BCXQ_PRD/on/demandware.static/-/Sites-INT_EC_COM/default/dw6f339739/images/AI845A_778_F.jpg?sw=400&sfrm=png,www.intimissimi.com/fr/product/chaussons_matelasses_avec_fourrure_ecologique-AI845A.html?dwvar_AI845A_Z_COL_INTD=778
Intimissimi,Débardeur en Soie et Dentelle,39.90 €,https://www.intimissimi.com/dw/image/v2/BCXQ_PRD/on/demandware.static/-/Sites-INT_EC_COM/default/dw2bee22c2/images/LTD71S_wear_499I_M.jpg?sw=400&sfrm=png,www.intimissimi.com/fr/product/debardeur_en_soie_et_dentelle-LTD71S.html?dwvar_LTD71S_Z_COL_INTD=499I
Intimissimi,Kimono en Soie,99.90 €,https://www.intimissimi.com/dw/image/v2/BCXQ_PRD/on/demandware.static/-/Sites-INT_EC_COM/default/dw45d07cac/images/PVD71S_wear_2127_M.jpg?sw=400&sfrm=png,www.intimissimi.com/fr/product/kimono_en_soie-PVD71S.html?dwvar_PVD71S_Z_COL_INTD=2127
Intimissimi,Robe de chambre en Jersey en Fibre de Viscose de B...,49.90 €,https://www.intimissimi.com/dw/image/v2/BCXQ_PRD/on/demandware.static/-/Sites-INT_EC_COM/default/dw3cf103a9/images/PVD801_wear_7307_M.jpg?sw=400&sfrm=png,www.intimissimi.com/fr/product/robe_de_chambre_en_jersey_en_fibre_de_viscose_de_bambou_natural_feeling-PVD801.html?dwvar_PVD801_Z_COL_INTD=7307
Intimissimi,Débardeur en Soie et Dentelle,39.90 €,https://www.intimissimi.com/dw/image/v2/BCXQ_PRD/on/demandware.static/-/Sites-INT_EC_COM/default/dw91c686fa/images/LTD71S_wear_498I_M.jpg?sw=400&sfrm=png,www.intimissimi.com/fr/product/debardeur_en_soie_et_dentelle-LTD71S.html?dwvar_LTD71S_Z_COL_INTD=498I
Intimissimi,Pantalon en Molleton de Modal et Cachemire avec In...,29.90 €,https://www.intimissimi.com/dw/image/v2/BCXQ_PRD/on/demandware.static/-/Sites-INT_EC_COM/default/dw47edd385/images/PDL845_3439_F.jpg?sw=400&sfrm=png,www.intimissimi.com/fr/product/pantalon_en_molleton_de_modal_et_cachemire_avec_inserts_matelasses-PDL845.html?dwvar_PDL845_Z_COL_INTD=3439
Intimissimi,Peignoir en Molleton de Modal et Cachemire,59.90 €,https://www.intimissimi.com/dw/image/v2/BCXQ_PRD/on/demandware.static/-/Sites-INT_EC_COM/default/dw4b35dc56/images/PVD656_wear_3622_M.jpg?sw=400&sfrm=png,www.intimissimi.com/fr/product/peignoir_en_molleton_de_modal_et_cachemire-PVD656.html?dwvar_PVD656_Z_COL_INTD=3622
Intimissimi,Pyjama Long en Modal façon Jacquard,59.90 €,https://www.intimissimi.com/dw/image/v2/BCXQ_PRD/on/demandware.static/-/Sites-INT_EC_COM/default/dwd158f4e1/images/PLD838_wear_371I_M.jpg?sw=400&sfrm=png,www.intimissimi.com/fr/product/pyjama_long_en_modal_facon_jacquard-PLD838.html?dwvar_PLD838_Z_COL_INTD=371I
Intimissimi,Débardeur en Soie et Dentelle,39.90 €,https://www.intimissimi.com/dw/image/v2/BCXQ_PRD/on/demandware.static/-/Sites-INT_EC_COM/default/dw2728ee79/images/LTD71S_wear_1473_M.jpg?sw=400&sfrm=png,www.intimissimi.com/fr/product/debardeur_en_soie_et_dentelle-LTD71S.html?dwvar_LTD71S_Z_COL_INTD=1473
Intimissimi,Short en Soie Pretty Flowers,29.90 €,https://www.intimissimi.com/dw/image/v2/BCXQ_PRD/on/demandware.static/-/Sites-INT_EC_COM/default/dwd5617d45/images/PC1294A_wear_9887_M.jpg?sw=400&sfrm=png,www.intimissimi.com/fr/product/short_en_soie_pretty_flowers-PC1294A.html?dwvar_PC1294A_Z_COL_INTD=9887
Intimissimi,Top à Fines Bretelles en Soie Pretty Flowers,39.90 €,https://www.intimissimi.com/dw/image/v2/BCXQ_PRD/on/demandware.static/-/Sites-INT_EC_COM/default/dw876605ef/images/LT1294A_wear_347I_M.jpg?sw=400&sfrm=png,www.intimissimi.com/fr/product/top_a_fines_bretelles_en_soie_pretty_flowers-LT1294A.html?dwvar_LT1294A_Z_COL_INTD=347I
Intimissimi,Peignoir en Molleton de Modal et Cachemire,59.90 €,https://www.intimissimi.com/dw/image/v2/BCXQ_PRD/on/demandware.static/-/Sites-INT_EC_COM/default/dwbb0b2408/images/PVD656_wear_3070_M.jpg?sw=400&sfrm=png,www.intimissimi.com/fr/product/peignoir_en_molleton_de_modal_et_cachemire-PVD656.html?dwvar_PVD656_Z_COL_INTD=3070
Intimissimi,Short en Soie,25.90 €,https://www.intimissimi.com/dw/image/v2/BCXQ_PRD/on/demandware.static/-/Sites-INT_EC_COM/default/dw3ed115a8/images/PDC71S_wear_3096_M.jpg?sw=400&sfrm=png,www.intimissimi.com/fr/product/short_en_soie-PDC71S.html?dwvar_PDC71S_Z_COL_INTD=3096
Intimissimi,Chemise de Nuit en Modal/Soie Silk Touch,49.90 €,https://www.intimissimi.com/dw/image/v2/BCXQ_PRD/on/demandware.static/-/Sites-INT_EC_COM/default/dw7881d29a/images/PCN848_wear_2127_M.jpg?sw=400&sfrm=png,www.intimissimi.com/fr/product/chemise_de_nuit_en_modal_soie_silk_touch-PCN848.html?dwvar_PCN848_Z_COL_INTD=2127
Intimissimi,Kimono en Soie,99.90 €,https://www.intimissimi.com/dw/image/v2/BCXQ_PRD/on/demandware.static/-/Sites-INT_EC_COM/default/dwaf6f5636/images/PVD71S_wear_1473_M.jpg?sw=400&sfrm=png,www.intimissimi.com/fr/product/kimono_en_soie-PVD71S.html?dwvar_PVD71S_Z_COL_INTD=1473
Intimissimi,Top à Fines Bretelles en Fibre de Viscose de Bambo...,25.90 €,https://www.intimissimi.com/dw/image/v2/BCXQ_PRD/on/demandware.static/-/Sites-INT_EC_COM/default/dwf1d1e6d8/images/LTD801_wear_7307_M.jpg?sw=400&sfrm=png,www.intimissimi.com/fr/product/top_a_fines_bretelles_en_fibre_de_viscose_de_bambou_natural_feeling-LTD801.html?dwvar_LTD801_Z_COL_INTD=7307
Intimissimi,Déshabillé en Modal avec Détail en Dentelle,49.90 €,https://www.intimissimi.com/dw/image/v2/BCXQ_PRD/on/demandware.static/-/Sites-INT_EC_COM/default/dwd70a05b4/images/PVD700_wear_031_M.jpg?sw=400&sfrm=png,www.intimissimi.com/fr/product/deshabille_en_modal_avec_detail_en_dentelle-PVD700.html?dwvar_PVD700_Z_COL_INTD=031
Intimissimi,Peignoir en Soie et Dentelle Lady Sheer,99.90 €,https://www.intimissimi.com/dw/image/v2/BCXQ_PRD/on/demandware.static/-/Sites-INT_EC_COM/default/dwbe850573/images/PVD1368_wear_019_M.jpg?sw=400&sfrm=png,www.intimissimi.com/fr/product/peignoir_en_soie_et_dentelle_lady_sheer-PVD1368.html?dwvar_PVD1368_Z_COL_INTD=019
Intimissimi,Top en Satin de Soie,39.90 €,https://www.intimissimi.com/dw/image/v2/BCXQ_PRD/on/demandware.static/-/Sites-INT_EC_COM/default/dw7879a9bd/images/LT71S3_wear_2127_M.jpg?sw=400&sfrm=png,www.intimissimi.com/fr/product/top_en_satin_de_soie-LT71S3.html?dwvar_LT71S3_Z_COL_INTD=2127
Intimissimi,Veste Coupe Homme en Satin de Soie,89.90 €,https://www.intimissimi.com/dw/image/v2/BCXQ_PRD/on/demandware.static/-/Sites-INT_EC_COM/default/dw61788778/images/CLD1233_wear_2127_M.jpg?sw=400&sfrm=png,www.intimissimi.com/fr/product/veste_coupe_homme_en_satin_de_soie-CLD1233.html?dwvar_CLD1233_Z_COL_INTD=2127
Intimissimi,Short en Soie Pretty Flowers,29.90 €,https://www.intimissimi.com/dw/image/v2/BCXQ_PRD/on/demandware.static/-/Sites-INT_EC_COM/default/dw3cf1f7ab/images/PC1294A_wear_347I_M.jpg?sw=400&sfrm=png,www.intimissimi.com/fr/product/short_en_soie_pretty_flowers-PC1294A.html?dwvar_PC1294A_Z_COL_INTD=347I
Intimissimi,Chaussons Matelassés avec Fourrure Écologique,15.90 €,https://www.intimissimi.com/dw/image/v2/BCXQ_PRD/on/demandware.static/-/Sites-INT_EC_COM/default/dwd4fc79cb/images/AI845A_2566_F.jpg?sw=400&sfrm=png,www.intimissimi.com/fr/product/chaussons_matelasses_avec_fourrure_ecologique-AI845A.html?dwvar_AI845A_Z_COL_INTD=2566
Intimissimi,Chemise de Nuit Ouverte en Côtes en Modal Imprimé ...,49.90 €,https://www.intimissimi.com/dw/image/v2/BCXQ_PRD/on/demandware.static/-/Sites-INT_EC_COM/default/dw8d2cbdcd/images/PCN839_wear_372I_M.jpg?sw=400&sfrm=png,www.intimissimi.com/fr/product/chemise_de_nuit_ouverte_en_cotes_en_modal_imprime_floreal-PCN839.html?dwvar_PCN839_Z_COL_INTD=372I
Intimissimi,Masque de Nuit en Soie,15.90 €,https://www.intimissimi.com/dw/image/v2/BCXQ_PRD/on/demandware.static/-/Sites-INT_EC_COM/default/dw24292c9c/images/AI1233A_163I_F.jpg?sw=400&sfrm=png,www.intimissimi.com/fr/product/masque_de_nuit_en_soie-AI1233A.html?dwvar_AI1233A_Z_COL_INTD=163I
Intimissimi,Masque de Nuit en Soie,15.90 €,https://www.intimissimi.com/dw/image/v2/BCXQ_PRD/on/demandware.static/-/Sites-INT_EC_COM/default/dwbfea4ed0/images/AI1233A_019_F.jpg?sw=400&sfrm=png,www.intimissimi.com/fr/product/masque_de_nuit_en_soie-AI1233A.html?dwvar_AI1233A_Z_COL_INTD=019
Intimissimi,Débardeur en Soie et Dentelle,39.90 €,https://www.intimissimi.com/dw/image/v2/BCXQ_PRD/on/demandware.static/-/Sites-INT_EC_COM/default/dw37cf3662/images/LTD71S_wear_6213_M.jpg?sw=400&sfrm=png,www.intimissimi.com/fr/product/debardeur_en_soie_et_dentelle-LTD71S.html?dwvar_LTD71S_Z_COL_INTD=6213
Intimissimi,Veste à Manches Longues en Micromodal,39.90 €,https://www.intimissimi.com/dw/image/v2/BCXQ_PRD/on/demandware.static/-/Sites-INT_EC_COM/default/dw7bb77f68/images/CLD701_wear_1473_M.jpg?sw=400&sfrm=png,www.intimissimi.com/fr/product/veste_a_manches_longues_en_micromodal-CLD701.html?dwvar_CLD701_Z_COL_INTD=1473
Intimissimi,Robe de Chambre en Point de Milan Jacquard,49.90 €,https://www.intimissimi.com/dw/image/v2/BCXQ_PRD/on/demandware.static/-/Sites-INT_EC_COM/default/dw9578fb69/images/PVD657_wear_603I_M.jpg?sw=400&sfrm=png,www.intimissimi.com/fr/product/robe_de_chambre_en_point_de_milan_jacquard-PVD657.html?dwvar_PVD657_Z_COL_INTD=603I
Intimissimi,Veste en Toile Grattée Tales of Wales,39.90 €,https://www.intimissimi.com/dw/image/v2/BCXQ_PRD/on/demandware.static/-/Sites-INT_EC_COM/default/dw142fd18a/images/CLD849_wear_611I_M.jpg?sw=400&sfrm=png,www.intimissimi.com/fr/product/veste_en_toile_grattee_tales_of_wales-CLD849.html?dwvar_CLD849_Z_COL_INTD=611I
Intimissimi,Chemise de Nuit en Coton Supima® Ultrafresh,25.90 €,https://www.intimissimi.com/dw/image/v2/BCXQ_PRD/on/demandware.static/-/Sites-INT_EC_COM/default/dwa003c962/images/PCN12A_wear_001_M.jpg?sw=400&sfrm=png,www.intimissimi.com/fr/product/chemise_de_nuit_en_coton_supima%C2%AE_ultrafresh-PCN12A.html?dwvar_PCN12A_Z_COL_INTD=001
Intimissimi,Short en Jersey en Fibre de Viscose de Bambou Natu...,19.90 €,https://www.intimissimi.com/dw/image/v2/BCXQ_PRD/on/demandware.static/-/Sites-INT_EC_COM/default/dwa69aead4/images/PDC801_wear_7307_M.jpg?sw=400&sfrm=png,www.intimissimi.com/fr/product/short_en_jersey_en_fibre_de_viscose_de_bambou_natural_feeling-PDC801.html?dwvar_PDC801_Z_COL_INTD=7307
Intimissimi,Top à Fines Bretelles en Soie Pretty Flowers,39.90 €,https://www.intimissimi.com/dw/image/v2/BCXQ_PRD/on/demandware.static/-/Sites-INT_EC_COM/default/dw6ffdcb4c/images/LT1294A_wear_491I_M.jpg?sw=400&sfrm=png,www.intimissimi.com/fr/product/top_a_fines_bretelles_en_soie_pretty_flowers-LT1294A.html?dwvar_LT1294A_Z_COL_INTD=491I
Intimissimi,Sweat en Modal Mélangé Côtelé à Capuche,49.90 €,https://www.intimissimi.com/dw/image/v2/BCXQ_PRD/on/demandware.static/-/Sites-INT_EC_COM/default/dwde7e8710/images/CLD800A_wear_180I_M.jpg?sw=400&sfrm=png,www.intimissimi.com/fr/product/sweat_en_modal_melange_cotele_a_capuche-CLD800A.html?dwvar_CLD800A_Z_COL_INTD=180I
Intimissimi,Pantalon en Coton Épais Feutré Double Cozy Cottage,29.90 €,https://www.intimissimi.com/dw/image/v2/BCXQ_PRD/on/demandware.static/-/Sites-INT_EC_COM/default/dwd3e31f47/images/PDL847_596I_F.jpg?sw=400&sfrm=png,www.intimissimi.com/fr/product/pantalon_en_coton_epais_feutre_double_cozy_cottage-PDL847.html?dwvar_PDL847_Z_COL_INTD=596I
Intimissimi,Haut en Coton Épais Winter Sea,29.90 €,https://www.intimissimi.com/dw/image/v2/BCXQ_PRD/on/demandware.static/-/Sites-INT_EC_COM/default/dw4070d4e5/images/CLD846A_wear_612I_M.jpg?sw=400&sfrm=png,www.intimissimi.com/fr/product/haut_en_coton_epais_winter_sea-CLD846A.html?dwvar_CLD846A_Z_COL_INTD=612I
Intimissimi,Haut en Satin de Viscose Snake Charmer,35.90 €,https://www.intimissimi.com/dw/image/v2/BCXQ_PRD/on/demandware.static/-/Sites-INT_EC_COM/default/dwf8553207/images/LTD1400_wear_494I_M.jpg?sw=400&sfrm=png,www.intimissimi.com/fr/product/haut_en_satin_de_viscose_snake_charmer-LTD1400.html?dwvar_LTD1400_Z_COL_INTD=494I
Intimissimi,Haut en Soie Pretty Something,39.90 €,https://www.intimissimi.com/dw/image/v2/BCXQ_PRD/on/demandware.static/-/Sites-INT_EC_COM/default/dw2312710a/images/LTD1395_wear_492I_M.jpg?sw=400&sfrm=png,www.intimissimi.com/fr/product/haut_en_soie_pretty_something-LTD1395.html?dwvar_LTD1395_Z_COL_INTD=492I
Intimissimi,Short en Satin de Viscose Leopard Lovers,29.90 €,https://www.intimissimi.com/dw/image/v2/BCXQ_PRD/on/demandware.static/-/Sites-INT_EC_COM/default/dw5324b885/images/PDC1398_wear_493I_M.jpg?sw=400&sfrm=png,www.intimissimi.com/fr/product/short_en_satin_de_viscose_leopard_lovers-PDC1398.html?dwvar_PDC1398_Z_COL_INTD=493I
Intimissimi,Short en Soie Pretty Flowers,29.90 €,https://www.intimissimi.com/dw/image/v2/BCXQ_PRD/on/demandware.static/-/Sites-INT_EC_COM/default/dw968b8d53/images/PC1294A_wear_491I_M.jpg?sw=400&sfrm=png,www.intimissimi.com/fr/product/short_en_soie_pretty_flowers-PC1294A.html?dwvar_PC1294A_Z_COL_INTD=491I
Intimissimi,Short en Soie Pretty Flowers,29.90 €,https://www.intimissimi.com/dw/image/v2/BCXQ_PRD/on/demandware.static/-/Sites-INT_EC_COM/default/dwba20f742/images/PC1294A_wear_487I_M.jpg?sw=400&sfrm=png,www.intimissimi.com/fr/product/short_en_soie_pretty_flowers-PC1294A.html?dwvar_PC1294A_Z_COL_INTD=487I
Intimissimi,Pantaloncino in Raso di Seta Inserti Laterali in P...,25.90 €,https://www.intimissimi.com/dw/image/v2/BCXQ_PRD/on/demandware.static/-/Sites-INT_EC_COM/default/dw0e9f9b13/images/PDC00N_wear_9976_M.jpg?sw=400&sfrm=png,www.intimissimi.com/fr/product/pantaloncino_in_raso_di_seta_inserti_laterali_in_pizzo-PDC00N.html?dwvar_PDC00N_Z_COL_INTD=9976
Intimissimi,Pantalon Matelassé avec Ourlet Resserré,29.90 €,https://www.intimissimi.com/dw/image/v2/BCXQ_PRD/on/demandware.static/-/Sites-INT_EC_COM/default/dw86091f61/images/PDL845A_031_F.jpg?sw=400&sfrm=png,www.intimissimi.com/fr/product/pantalon_matelasse_avec_ourlet_resserre-PDL845A.html?dwvar_PDL845A_Z_COL_INTD=031
Intimissimi,Peignoir en Modal Mélangé Côtelé,39.90 €,https://www.intimissimi.com/dw/image/v2/BCXQ_PRD/on/demandware.static/-/Sites-INT_EC_COM/default/dw06ae7045/images/PVD800_wear_179I_M.jpg?sw=400&sfrm=png,www.intimissimi.com/fr/product/peignoir_en_modal_melange_cotele-PVD800.html?dwvar_PVD800_Z_COL_INTD=179I
Intimissimi,,25.90 €,https://www.intimissimi.com/dw/image/v2/BCXQ_PRD/on/demandware.static/-/Sites-INT_EC_COM/default/dw38c59b8b/images/PDC00P_wear_295I_M.jpg?sw=400&sfrm=png,www.intimissimi.com/fr/product-PDC00P.html?dwvar_PDC00P_Z_COL_INTD=295I
Intimissimi,Top en Modal et Cachemire avec Dentelle,29.90 €,https://www.intimissimi.com/dw/image/v2/BCXQ_PRD/on/demandware.static/-/Sites-INT_EC_COM/default/dw47f69d70/images/LTD28P_wear_350I_M.jpg?sw=400&sfrm=png,www.intimissimi.com/fr/product/top_en_modal_et_cachemire_avec_dentelle-LTD28P.html?dwvar_LTD28P_Z_COL_INTD=350I
Intimissimi,Pantalon en Satin de Viscose Snake Charmer,49.90 €,https://www.intimissimi.com/dw/image/v2/BCXQ_PRD/on/demandware.static/-/Sites-INT_EC_COM/default/dw87e7a60a/images/PDL1400_wear_019_M.jpg?sw=400&sfrm=png,www.intimissimi.com/fr/product/pantalon_en_satin_de_viscose_snake_charmer-PDL1400.html?dwvar_PDL1400_Z_COL_INTD=019
Intimissimi,Sweat en Modal Mélangé Côtelé à Capuche,49.90 €,https://www.intimissimi.com/dw/image/v2/BCXQ_PRD/on/demandware.static/-/Sites-INT_EC_COM/default/dw15f82834/images/CLD800A_wear_179I_M.jpg?sw=400&sfrm=png,www.intimissimi.com/fr/product/sweat_en_modal_melange_cotele_a_capuche-CLD800A.html?dwvar_CLD800A_Z_COL_INTD=179I
Intimissimi,Short en Satin de Viscose Nature Texture,35.90 €,https://www.intimissimi.com/dw/image/v2/BCXQ_PRD/on/demandware.static/-/Sites-INT_EC_COM/default/dw21e96e73/images/PDC1399_wear_1748_M.jpg?sw=400&sfrm=png,www.intimissimi.com/fr/product/short_en_satin_de_viscose_nature_texture-PDC1399.html?dwvar_PDC1399_Z_COL_INTD=1748
Intimissimi,Chaussons Teddy,15.90 €,https://www.intimissimi.com/dw/image/v2/BCXQ_PRD/on/demandware.static/-/Sites-INT_EC_COM/default/dw7fa17447/images/AI076H_019_F.jpg?sw=400&sfrm=png,www.intimissimi.com/fr/product/chaussons_teddy-AI076H.html?dwvar_AI076H_Z_COL_INTD=019
Intimissimi,Pyjama Long à Carreaux,49.90 €,https://www.intimissimi.com/dw/image/v2/BCXQ_PRD/on/demandware.static/-/Sites-INT_EC_COM/default/dw78bb9fae/images/PLD836_wear_368I_M.jpg?sw=400&sfrm=png,www.intimissimi.com/fr/product/pyjama_long_a_carreaux-PLD836.html?dwvar_PLD836_Z_COL_INTD=368I
Intimissimi,Top Soie et Empiècements Tulle,39.90 €,https://www.intimissimi.com/dw/image/v2/BCXQ_PRD/on/demandware.static/-/Sites-INT_EC_COM/default/dw79b1a2ec/images/LTD00E_wear_483I_M.jpg?sw=400&sfrm=png,www.intimissimi.com/fr/product/top_soie_et_empiecements_tulle-LTD00E.html?dwvar_LTD00E_Z_COL_INTD=483I
Intimissimi,Short Lisse en Satin de Soie,25.90 €,https://www.intimissimi.com/dw/image/v2/BCXQ_PRD/on/demandware.static/-/Sites-INT_EC_COM/default/dwa95eeb97/images/PD71S3_wear_2280_M.jpg?sw=400&sfrm=png,www.intimissimi.com/fr/product/short_lisse_en_satin_de_soie-PD71S3.html?dwvar_PD71S3_Z_COL_INTD=2280
Intimissimi,Pantalon en Coton Épais Winter Sea,25.90 €,https://www.intimissimi.com/dw/image/v2/BCXQ_PRD/on/demandware.static/-/Sites-INT_EC_COM/default/dw5363a6a4/images/PDL846_wear_612I_M.jpg?sw=400&sfrm=png,www.intimissimi.com/fr/product/pantalon_en_coton_epais_winter_sea-PDL846.html?dwvar_PDL846_Z_COL_INTD=612I
Intimissimi,Top Soie et Dentelle,39.90 €,https://www.intimissimi.com/dw/image/v2/BCXQ_PRD/on/demandware.static/-/Sites-INT_EC_COM/default/dwc840372c/images/LTD00L_wear_9974_M.jpg?sw=400&sfrm=png,www.intimissimi.com/fr/product/top_soie_et_dentelle-LTD00L.html?dwvar_LTD00L_Z_COL_INTD=9974
Intimissimi,,39.90 €,https://www.intimissimi.com/dw/image/v2/BCXQ_PRD/on/demandware.static/-/Sites-INT_EC_COM/default/dwadac4ba0/images/LTD00P_wear_295I_M.jpg?sw=400&sfrm=png,www.intimissimi.com/fr/product-LTD00P.html?dwvar_LTD00P_Z_COL_INTD=295I
Intimissimi,Haut en Coton Épais Feutré Double Cozy Cottage,35.90 €,https://www.intimissimi.com/dw/image/v2/BCXQ_PRD/on/demandware.static/-/Sites-INT_EC_COM/default/dw1b455e48/images/CLD847_596I_F.jpg?sw=400&sfrm=png,www.intimissimi.com/fr/product/haut_en_coton_epais_feutre_double_cozy_cottage-CLD847.html?dwvar_CLD847_Z_COL_INTD=596I
Intimissimi,Top à Fines Bretelles en Soie Pretty Flowers,39.90 €,https://www.intimissimi.com/dw/image/v2/BCXQ_PRD/on/demandware.static/-/Sites-INT_EC_COM/default/dw19c272a5/images/LT1294A_wear_487I_M.jpg?sw=400&sfrm=png,www.intimissimi.com/fr/product/top_a_fines_bretelles_en_soie_pretty_flowers-LT1294A.html?dwvar_LT1294A_Z_COL_INTD=487I
Intimissimi,Top en Satin de Soie,39.90 €,https://www.intimissimi.com/dw/image/v2/BCXQ_PRD/on/demandware.static/-/Sites-INT_EC_COM/default/dw8af2fe02/images/LT71S3_wear_375I_M.jpg?sw=400&sfrm=png,www.intimissimi.com/fr/product/top_en_satin_de_soie-LT71S3.html?dwvar_LT71S3_Z_COL_INTD=375I
Intimissimi,Chemise de nuit en Fibre de Viscose de Bambou Natu...,49.90 €,https://www.intimissimi.com/dw/image/v2/BCXQ_PRD/on/demandware.static/-/Sites-INT_EC_COM/default/dw88dfdca2/images/PCN801_wear_7307_M.jpg?sw=400&sfrm=png,www.intimissimi.com/fr/product/chemise_de_nuit_en_fibre_de_viscose_de_bambou_natural_feeling-PCN801.html?dwvar_PCN801_Z_COL_INTD=7307
Intimissimi,Débardeur en Satin de Soie avec Empiècements en De...,39.90 €,https://www.intimissimi.com/dw/image/v2/BCXQ_PRD/on/demandware.static/-/Sites-INT_EC_COM/default/dwb9dc4348/images/CGD00J_wear_5497_M.jpg?sw=400&sfrm=png,www.intimissimi.com/fr/product/debardeur_en_satin_de_soie_avec_empiecements_en_dentelle-CGD00J.html?dwvar_CGD00J_Z_COL_INTD=5497
Intimissimi,Chaussons Teddy,15.90 €,https://www.intimissimi.com/dw/image/v2/BCXQ_PRD/on/demandware.static/-/Sites-INT_EC_COM/default/dw36d3e94c/images/AI076H_613I_F.jpg?sw=400&sfrm=png,www.intimissimi.com/fr/product/chaussons_teddy-AI076H.html?dwvar_AI076H_Z_COL_INTD=613I
Intimissimi,Top en Satin de Viscose Leopard Lovers,35.90 €,https://www.intimissimi.com/dw/image/v2/BCXQ_PRD/on/demandware.static/-/Sites-INT_EC_COM/default/dw588d36d3/images/LTD1398_wear_493I_M.jpg?sw=400&sfrm=png,www.intimissimi.com/fr/product/top_en_satin_de_viscose_leopard_lovers-LTD1398.html?dwvar_LTD1398_Z_COL_INTD=493I
Intimissimi,Chemise à Manches Mi-longues en Soie,39.90 €,https://www.intimissimi.com/dw/image/v2/BCXQ_PRD/on/demandware.static/-/Sites-INT_EC_COM/default/dwe9d54402/images/CMD00K_wear_6369_M.jpg?sw=400&sfrm=png,www.intimissimi.com/fr/product/chemise_a_manches_mi-longues_en_soie-CMD00K.html?dwvar_CMD00K_Z_COL_INTD=6369
Intimissimi,Peignoir Matelassé,49.90 €,https://www.intimissimi.com/dw/image/v2/BCXQ_PRD/on/demandware.static/-/Sites-INT_EC_COM/default/dwea14f509/images/PVD845_wear_610I_M.jpg?sw=400&sfrm=png,www.intimissimi.com/fr/product/peignoir_matelasse-PVD845.html?dwvar_PVD845_Z_COL_INTD=610I
Intimissimi,Top Spallina Sottile in Raso di Seta con Inserti i...,39.90 €,https://www.intimissimi.com/dw/image/v2/BCXQ_PRD/on/demandware.static/-/Sites-INT_EC_COM/default/dw1b6746ac/images/LTD00N_wear_9976_M.jpg?sw=400&sfrm=png,www.intimissimi.com/fr/product/top_spallina_sottile_in_raso_di_seta_con_inserti_in_pizzo-LTD00N.html?dwvar_LTD00N_Z_COL_INTD=9976
Intimissimi,Pantalon en Satin de Soie,69.90 €,https://www.intimissimi.com/dw/image/v2/BCXQ_PRD/on/demandware.static/-/Sites-INT_EC_COM/default/dw9298a98f/images/PDL1233_wear_1473_M.jpg?sw=400&sfrm=png,www.intimissimi.com/fr/product/pantalon_en_satin_de_soie-PDL1233.html?dwvar_PDL1233_Z_COL_INTD=1473
Intimissimi,Bas de jogging en Satin de Viscose Nature Texture,49.90 €,https://www.intimissimi.com/dw/image/v2/BCXQ_PRD/on/demandware.static/-/Sites-INT_EC_COM/default/dw990a5b0b/images/PDL1399_wear_1748_M.jpg?sw=400&sfrm=png,www.intimissimi.com/fr/product/bas_de_jogging_en_satin_de_viscose_nature_texture-PDL1399.html?dwvar_PDL1399_Z_COL_INTD=1748
Intimissimi,Short en Soie avec Empiècements Broderie,25.90 €,https://www.intimissimi.com/dw/image/v2/BCXQ_PRD/on/demandware.static/-/Sites-INT_EC_COM/default/dw7372a31f/images/PDC00K_wear_6369_M.jpg?sw=400&sfrm=png,www.intimissimi.com/fr/product/short_en_soie_avec_empiecements_broderie-PDC00K.html?dwvar_PDC00K_Z_COL_INTD=6369
Intimissimi,Top en Satin de Viscose Nature Texture,35.90 €,https://www.intimissimi.com/dw/image/v2/BCXQ_PRD/on/demandware.static/-/Sites-INT_EC_COM/default/dw812bf5b0/images/LTD1399_wear_1748_M.jpg?sw=400&sfrm=png,www.intimissimi.com/fr/product/top_en_satin_de_viscose_nature_texture-LTD1399.html?dwvar_LTD1399_Z_COL_INTD=1748
Intimissimi,Peignoir en Polaire Snow Queen,59.90 €,https://www.intimissimi.com/dw/image/v2/BCXQ_PRD/on/demandware.static/-/Sites-INT_EC_COM/default/dwda364bd2/images/PVD1404_wear_2127_M.jpg?sw=400&sfrm=png,www.intimissimi.com/fr/product/peignoir_en_polaire_snow_queen-PVD1404.html?dwvar_PVD1404_Z_COL_INTD=2127
Intimissimi,Peignoir en Modal Mélangé Côtelé,39.90 €,https://www.intimissimi.com/dw/image/v2/BCXQ_PRD/on/demandware.static/-/Sites-INT_EC_COM/default/dw42fb3ff1/images/PVD800_wear_180I_M.jpg?sw=400&sfrm=png,www.intimissimi.com/fr/product/peignoir_en_modal_melange_cotele-PVD800.html?dwvar_PVD800_Z_COL_INTD=180I
Intimissimi,,25.90 €,https://www.intimissimi.com/dw/image/v2/BCXQ_PRD/on/demandware.static/-/Sites-INT_EC_COM/default/dw8cf527ae/images/PDC00P_wear_5524_M.jpg?sw=400&sfrm=png,www.intimissimi.com/fr/product-PDC00P.html?dwvar_PDC00P_Z_COL_INTD=5524
Intimissimi,Veste Coupe Homme en Satin de Soie,89.90 €,https://www.intimissimi.com/dw/image/v2/BCXQ_PRD/on/demandware.static/-/Sites-INT_EC_COM/default/dw274f654b/images/CLD1233_wear_234I_M.jpg?sw=400&sfrm=png,www.intimissimi.com/fr/product/veste_coupe_homme_en_satin_de_soie-CLD1233.html?dwvar_CLD1233_Z_COL_INTD=234I
Intimissimi,Chemise de Nuit en Jersey de Modal,39.90 €,https://www.intimissimi.com/dw/image/v2/BCXQ_PRD/on/demandware.static/-/Sites-INT_EC_COM/default/dwb512f6c9/images/PCN834_wear_366I_M.jpg?sw=400&sfrm=png,www.intimissimi.com/fr/product/chemise_de_nuit_en_jersey_de_modal-PCN834.html?dwvar_PCN834_Z_COL_INTD=366I
Intimissimi,Chaussons Teddy,15.90 €,https://www.intimissimi.com/dw/image/v2/BCXQ_PRD/on/demandware.static/-/Sites-INT_EC_COM/default/dw56fd9250/images/AI076H_607I_F.jpg?sw=400&sfrm=png,www.intimissimi.com/fr/product/chaussons_teddy-AI076H.html?dwvar_AI076H_Z_COL_INTD=607I
Intimissimi,Chemise en Satin de Viscose Nature Texture,59.90 €,https://www.intimissimi.com/dw/image/v2/BCXQ_PRD/on/demandware.static/-/Sites-INT_EC_COM/default/dw6fd1fdca/images/CLD1399_wear_1748_M.jpg?sw=400&sfrm=png,www.intimissimi.com/fr/product/chemise_en_satin_de_viscose_nature_texture-CLD1399.html?dwvar_CLD1399_Z_COL_INTD=1748
Intimissimi,Haut Manches Mi-longues en Satin de Soie Ouvert De...,39.90 €,https://www.intimissimi.com/dw/image/v2/BCXQ_PRD/on/demandware.static/-/Sites-INT_EC_COM/default/dwebf85a81/images/CMD00D_wear_7407_M.jpg?sw=400&sfrm=png,www.intimissimi.com/fr/product/haut_manches_mi-longues_en_satin_de_soie_ouvert_devant-CMD00D.html?dwvar_CMD00D_Z_COL_INTD=7407
Intimissimi,Top Fines Bretelles en Satin de Soie Empiècements ...,39.90 €,https://www.intimissimi.com/dw/image/v2/BCXQ_PRD/on/demandware.static/-/Sites-INT_EC_COM/default/dw877ffd6b/images/LTD00G_wear_485I_M.jpg?sw=400&sfrm=png,www.intimissimi.com/fr/product/top_fines_bretelles_en_satin_de_soie_empiecements_dentelle-LTD00G.html?dwvar_LTD00G_Z_COL_INTD=485I
Intimissimi,Pantalon en Crêpe de Soie,59.90 €,https://www.intimissimi.com/dw/image/v2/BCXQ_PRD/on/demandware.static/-/Sites-INT_EC_COM/default/dwef6fe72e/images/PDL00F_wear_2127_M.jpg?sw=400&sfrm=png,www.intimissimi.com/fr/product/pantalon_en_crepe_de_soie-PDL00F.html?dwvar_PDL00F_Z_COL_INTD=2127
Intimissimi,Short en Soie et Dentelle,25.90 €,https://www.intimissimi.com/dw/image/v2/BCXQ_PRD/on/demandware.static/-/Sites-INT_EC_COM/default/dwbd49d98a/images/PDC00L_wear_9974_M.jpg?sw=400&sfrm=png,www.intimissimi.com/fr/product/short_en_soie_et_dentelle-PDC00L.html?dwvar_PDC00L_Z_COL_INTD=9974
Intimissimi,Veste Coupe Homme en Satin de Soie,89.90 €,https://www.intimissimi.com/dw/image/v2/BCXQ_PRD/on/demandware.static/-/Sites-INT_EC_COM/default/dw34312394/images/CLD1233_wear_1473_M.jpg?sw=400&sfrm=png,www.intimissimi.com/fr/product/veste_coupe_homme_en_satin_de_soie-CLD1233.html?dwvar_CLD1233_Z_COL_INTD=1473
Intimissimi,Chemise Manches Longues en Soie et Empiècements en...,69.90 €,https://www.intimissimi.com/dw/image/v2/BCXQ_PRD/on/demandware.static/-/Sites-INT_EC_COM/default/dw21e92dc0/images/CLD00F_wear_2127_M.jpg?sw=400&sfrm=png,www.intimissimi.com/fr/product/chemise_manches_longues_en_soie_et_empiecements_en_dentelle-CLD00F.html?dwvar_CLD00F_Z_COL_INTD=2127
Intimissimi,Top en Soie et Dentelle Lady Sheer,39.90 €,https://www.intimissimi.com/dw/image/v2/BCXQ_PRD/on/demandware.static/-/Sites-INT_EC_COM/default/dw6a9c3054/images/LTD1368_wear_2127_M.jpg?sw=400&sfrm=png,www.intimissimi.com/fr/product/top_en_soie_et_dentelle_lady_sheer-LTD1368.html?dwvar_LTD1368_Z_COL_INTD=2127
Intimissimi,Short en Soie et Dentelle Lady Sheer,29.90 €,https://www.intimissimi.com/dw/image/v2/BCXQ_PRD/on/demandware.static/-/Sites-INT_EC_COM/default/dw3d5976fe/images/PDC1368_wear_2127_M.jpg?sw=400&sfrm=png,www.intimissimi.com/fr/product/short_en_soie_et_dentelle_lady_sheer-PDC1368.html?dwvar_PDC1368_Z_COL_INTD=2127
Intimissimi,Haut en Soie Slip Into Elegance,39.90 €,https://www.intimissimi.com/dw/image/v2/BCXQ_PRD/on/demandware.static/-/Sites-INT_EC_COM/default/dwb158a34a/images/LTD1396_wear_2127_M.jpg?sw=400&sfrm=png,www.intimissimi.com/fr/product/haut_en_soie_slip_into_elegance-LTD1396.html?dwvar_LTD1396_Z_COL_INTD=2127
Intimissimi,Short en Soie Slip Into Elegance,35.90 €,https://www.intimissimi.com/dw/image/v2/BCXQ_PRD/on/demandware.static/-/Sites-INT_EC_COM/default/dweb44e081/images/PDC1396_wear_2127_M.jpg?sw=400&sfrm=png,www.intimissimi.com/fr/product/short_en_soie_slip_into_elegance-PDC1396.html?dwvar_PDC1396_Z_COL_INTD=2127
Intimissimi,Top à Fines Bretelles en Soie Pretty Flowers,39.90 €,https://www.intimissimi.com/dw/image/v2/BCXQ_PRD/on/demandware.static/-/Sites-INT_EC_COM/default/dw4d0a8c64/images/LT1294A_wear_593I_M.jpg?sw=400&sfrm=png,www.intimissimi.com/fr/product/top_a_fines_bretelles_en_soie_pretty_flowers-LT1294A.html?dwvar_LT1294A_Z_COL_INTD=593I
Intimissimi,,39.90 €,https://www.intimissimi.com/dw/image/v2/BCXQ_PRD/on/demandware.static/-/Sites-INT_EC_COM/default/dwb7288eb7/images/LTD00P_wear_5524_M.jpg?sw=400&sfrm=png,www.intimissimi.com/fr/product-LTD00P.html?dwvar_LTD00P_Z_COL_INTD=5524
Intimissimi,Haut Manches Longues Matelassé à Capuche,39.90 €,https://www.intimissimi.com/dw/image/v2/BCXQ_PRD/on/demandware.static/-/Sites-INT_EC_COM/default/dw06061b03/images/CLD845A_031_F.jpg?sw=400&sfrm=png,www.intimissimi.com/fr/product/haut_manches_longues_matelasse_a_capuche-CLD845A.html?dwvar_CLD845A_Z_COL_INTD=031
Intimissimi,Pantaloncino in Raso di Seta,25.90 €,https://www.intimissimi.com/dw/image/v2/BCXQ_PRD/on/demandware.static/-/Sites-INT_EC_COM/default/dw643c876c/images/PDC00B_wear_6891_M.jpg?sw=400&sfrm=png,www.intimissimi.com/fr/product/pantaloncino_in_raso_di_seta-PDC00B.html?dwvar_PDC00B_Z_COL_INTD=6891
Intimissimi,Top Soie Empiècements Broderie avec Bords en Contr...,39.90 €,https://www.intimissimi.com/dw/image/v2/BCXQ_PRD/on/demandware.static/-/Sites-INT_EC_COM/default/dwc48f5580/images/LTD00Q_wear_071I_M.jpg?sw=400&sfrm=png,www.intimissimi.com/fr/product/top_soie_empiecements_broderie_avec_bords_en_contraste-LTD00Q.html?dwvar_LTD00Q_Z_COL_INTD=071I
Intimissimi,Short en Toile de Coton Nomadic Fringes,29.90 €,https://www.intimissimi.com/dw/image/v2/BCXQ_PRD/on/demandware.static/-/Sites-INT_EC_COM/default/dw48c661f8/images/PDC1388_wear_398I_M.jpg?sw=400&sfrm=png,www.intimissimi.com/fr/product/short_en_toile_de_coton_nomadic_fringes-PDC1388.html?dwvar_PDC1388_Z_COL_INTD=398I
Intimissimi,Short en Soie et Dentelle,25.90 €,https://www.intimissimi.com/dw/image/v2/BCXQ_PRD/on/demandware.static/-/Sites-INT_EC_COM/default/dw5c2fc5ec/images/PDC00J_wear_2127_M.jpg?sw=400&sfrm=png,www.intimissimi.com/fr/product/short_en_soie_et_dentelle-PDC00J.html?dwvar_PDC00J_Z_COL_INTD=2127
Intimissimi,Short en Soie avec Taille en Contraste,25.90 €,https://www.intimissimi.com/dw/image/v2/BCXQ_PRD/on/demandware.static/-/Sites-INT_EC_COM/default/dwafe806f7/images/PDC00Q_wear_071I_M.jpg?sw=400&sfrm=png,www.intimissimi.com/fr/product/short_en_soie_avec_taille_en_contraste-PDC00Q.html?dwvar_PDC00Q_Z_COL_INTD=071I
Intimissimi,,25.90 €,https://www.intimissimi.com/dw/image/v2/BCXQ_PRD/on/demandware.static/-/Sites-INT_EC_COM/default/dwa0888232/images/PDC00C_wear_044_M.jpg?sw=400&sfrm=png,www.intimissimi.com/fr/product-PDC00C.html?dwvar_PDC00C_Z_COL_INTD=044
Intimissimi,Top Spallina Sottile in Raso di Seta Inserti in Pi...,39.90 €,https://www.intimissimi.com/dw/image/v2/BCXQ_PRD/on/demandware.static/-/Sites-INT_EC_COM/default/dw33428393/images/LTD00B_wear_6891_M.jpg?sw=400&sfrm=png,www.intimissimi.com/fr/product/top_spallina_sottile_in_raso_di_seta%C2%A0inserti_in_pizzo-LTD00B.html?dwvar_LTD00B_Z_COL_INTD=6891
Intimissimi,Débardeur Larges Bretelles en Satin de Soie,39.90 €,https://www.intimissimi.com/dw/image/v2/BCXQ_PRD/on/demandware.static/-/Sites-INT_EC_COM/default/dw4d2ca1de/images/CGD00M_wear_076I_M.jpg?sw=400&sfrm=png,www.intimissimi.com/fr/product/debardeur_larges_bretelles_en_satin_de_soie-CGD00M.html?dwvar_CGD00M_Z_COL_INTD=076I
Intimissimi,Débardeur à Bretelles Larges en Toile Macramé Noma...,35.90 €,https://www.intimissimi.com/dw/image/v2/BCXQ_PRD/on/demandware.static/-/Sites-INT_EC_COM/default/dw8277e771/images/CGD1388_wear_398I_M.jpg?sw=400&sfrm=png,www.intimissimi.com/fr/product/debardeur_a_bretelles_larges_en_toile_macrame_nomadic_fringes-CGD1388.html?dwvar_CGD1388_Z_COL_INTD=398I
Intimissimi,Short en Soie et Dentelle,25.90 €,https://www.intimissimi.com/dw/image/v2/BCXQ_PRD/on/demandware.static/-/Sites-INT_EC_COM/default/dw573f9b75/images/PDC00L_wear_3768_M.jpg?sw=400&sfrm=png,www.intimissimi.com/fr/product/short_en_soie_et_dentelle-PDC00L.html?dwvar_PDC00L_Z_COL_INTD=3768
Intimissimi,Corsaire en Toile de Viscose Nomadic Fringes,39.90 €,https://www.intimissimi.com/dw/image/v2/BCXQ_PRD/on/demandware.static/-/Sites-INT_EC_COM/default/dw089ce183/images/PDL1388_wear_397I_M.jpg?sw=400&sfrm=png,www.intimissimi.com/fr/product/corsaire_en_toile_de_viscose_nomadic_fringes-PDL1388.html?dwvar_PDL1388_Z_COL_INTD=397I
Intimissimi,Top Soie Empiècements Broderie avec Bords en Contr...,39.90 €,https://www.intimissimi.com/dw/image/v2/BCXQ_PRD/on/demandware.static/-/Sites-INT_EC_COM/default/dwa4c780b2/images/LTD00Q_wear_074I_M.jpg?sw=400&sfrm=png,www.intimissimi.com/fr/product/top_soie_empiecements_broderie_avec_bords_en_contraste-LTD00Q.html?dwvar_LTD00Q_Z_COL_INTD=074I
Intimissimi,Short en Soie et Dentelle,25.90 €,https://www.intimissimi.com/dw/image/v2/BCXQ_PRD/on/demandware.static/-/Sites-INT_EC_COM/default/dwc69407a3/images/PDC00J_wear_5497_M.jpg?sw=400&sfrm=png,www.intimissimi.com/fr/product/short_en_soie_et_dentelle-PDC00J.html?dwvar_PDC00J_Z_COL_INTD=5497
Intimissimi,Short Ultra-léger en Cachemire et Modal avec Dente...,19.90 €,https://www.intimissimi.com/dw/image/v2/BCXQ_PRD/on/demandware.static/-/Sites-INT_EC_COM/default/dw63ea5c97/images/PDC28P_wear_234I_M.jpg?sw=400&sfrm=png,www.intimissimi.com/fr/product/short_ultra-leger_en_cachemire_et_modal_avec_dentelle-PDC28P.html?dwvar_PDC28P_Z_COL_INTD=234I
Intimissimi,Short en Soie Pretty Flowers,29.90 €,https://www.intimissimi.com/dw/image/v2/BCXQ_PRD/on/demandware.static/-/Sites-INT_EC_COM/default/dw4e53ebbe/images/PC1294A_wear_593I_M.jpg?sw=400&sfrm=png,www.intimissimi.com/fr/product/short_en_soie_pretty_flowers-PC1294A.html?dwvar_PC1294A_Z_COL_INTD=593I
Intimissimi,Haut en Molleton de Modal et Cachemire avec Insert...,35.90 €,https://www.intimissimi.com/dw/image/v2/BCXQ_PRD/on/demandware.static/-/Sites-INT_EC_COM/default/dw0bea6e98/images/CLD845_3042_F.jpg?sw=400&sfrm=png,www.intimissimi.com/fr/product/haut_en_molleton_de_modal_et_cachemire_avec_inserts_matelasses-CLD845.html?dwvar_CLD845_Z_COL_INTD=3042
Intimissimi,Veste en Toile de Viscose Nomadic Fringes,49.90 €,https://www.intimissimi.com/dw/image/v2/BCXQ_PRD/on/demandware.static/-/Sites-INT_EC_COM/default/dw7ebebe48/images/CLD1388_wear_397I_M.jpg?sw=400&sfrm=png,www.intimissimi.com/fr/product/veste_en_toile_de_viscose_nomadic_fringes-CLD1388.html?dwvar_CLD1388_Z_COL_INTD=397I
Intimissimi,Short en Dentelle,25.90 €,https://www.intimissimi.com/dw/image/v2/BCXQ_PRD/on/demandware.static/-/Sites-INT_EC_COM/default/dw3c0fca1d/images/PDC00M_wear_076I_M.jpg?sw=400&sfrm=png,www.intimissimi.com/fr/product/short_en_dentelle-PDC00M.html?dwvar_PDC00M_Z_COL_INTD=076I
Intimissimi,Short en Soie et Dentelle,25.90 €,https://www.intimissimi.com/dw/image/v2/BCXQ_PRD/on/demandware.static/-/Sites-INT_EC_COM/default/dw3e421c52/images/PDC00L_wear_9971_M.jpg?sw=400&sfrm=png,www.intimissimi.com/fr/product/short_en_soie_et_dentelle-PDC00L.html?dwvar_PDC00L_Z_COL_INTD=9971
Intimissimi,Short en Soie avec Taille en Contraste,25.90 €,https://www.intimissimi.com/dw/image/v2/BCXQ_PRD/on/demandware.static/-/Sites-INT_EC_COM/default/dw65865d09/images/PDC00Q_wear_074I_M.jpg?sw=400&sfrm=png,www.intimissimi.com/fr/product/short_en_soie_avec_taille_en_contraste-PDC00Q.html?dwvar_PDC00Q_Z_COL_INTD=074I
Intimissimi,Top Soie et Dentelle,39.90 €,https://www.intimissimi.com/dw/image/v2/BCXQ_PRD/on/demandware.static/-/Sites-INT_EC_COM/default/dw7d94c8ad/images/LTD00L_wear_3768_M.jpg?sw=400&sfrm=png,www.intimissimi.com/fr/product/top_soie_et_dentelle-LTD00L.html?dwvar_LTD00L_Z_COL_INTD=3768
Intimissimi,Top Soie et Dentelle,39.90 €,https://www.intimissimi.com/dw/image/v2/BCXQ_PRD/on/demandware.static/-/Sites-INT_EC_COM/default/dw65713e8c/images/LTD00L_wear_9971_M.jpg?sw=400&sfrm=png,www.intimissimi.com/fr/product/top_soie_et_dentelle-LTD00L.html?dwvar_LTD00L_Z_COL_INTD=9971
Intimissimi,,39.90 €,https://www.intimissimi.com/dw/image/v2/BCXQ_PRD/on/demandware.static/-/Sites-INT_EC_COM/default/dw8a332588/images/LTD00C_wear_044_M.jpg?sw=400&sfrm=png,www.intimissimi.com/fr/product-LTD00C.html?dwvar_LTD00C_Z_COL_INTD=044
