brand,item,price,img_url,product_url
Extreme Cashmere,No.101 Jules stretch-cashmere sweater,$740,//assetsprx.matchesfashion.com/img/product/1299922_1_large.jpg,https://www.matchesfashion.com/us/products/Extreme-Cashmere-No-101-Jules-stretch-cashmere-sweater-1299922
Raey,Organic and recycled-yarn cotton-blend track pants,$195,//assetsprx.matchesfashion.com/img/product/1348563_1_large.jpg,https://www.matchesfashion.com/us/products/Raey-Organic-and-recycled-yarn-cotton-blend-track-pants-1348563
Extreme Cashmere,No.105 Big Coat stretch-cashmere cardigan ,$900,//assetsprx.matchesfashion.com/img/product/1307624_1_large.jpg,https://www.matchesfashion.com/us/products/Extreme-Cashmere-No-105-Big-Coat-stretch-cashmere-cardigan--1307624
Allude,Cashmere lounge set,"$1,052",//assetsprx.matchesfashion.com/img/product/1373001_1_large.jpg,https://www.matchesfashion.com/us/products/Allude-Cashmere-lounge-set-1373001
Extreme Cashmere,No. 105 Big Coat stretch-cashmere coat,$900,//assetsprx.matchesfashion.com/img/product/1299919_1_large.jpg,https://www.matchesfashion.com/us/products/Extreme-Cashmere-No-105-Big-Coat-stretch-cashmere-coat-1299919
Extreme Cashmere,No.101 Jules stretch-cashmere sweater,$740,//assetsprx.matchesfashion.com/img/product/1299936_1_large.jpg,https://www.matchesfashion.com/us/products/Extreme-Cashmere-No-101-Jules-stretch-cashmere-sweater-1299936
Skin,Pima-cotton tank top,$58,//assetsprx.matchesfashion.com/img/product/1181574_1_large.jpg,https://www.matchesfashion.com/us/products/Skin-Pima-cotton-tank-top-1181574
Lunya,Cozy ribbed cotton-blend leggings,$188,//assetsprx.matchesfashion.com/img/product/1361437_1_large.jpg,https://www.matchesfashion.com/us/products/Lunya-Cozy-ribbed-cotton-blend-leggings-1361437
Skin,Madeira hooded ribbed cotton-blend sweater,$225,//assetsprx.matchesfashion.com/img/product/1377171_1_large.jpg,https://www.matchesfashion.com/us/products/Skin-Madeira-hooded-ribbed-cotton-blend-sweater-1377171
Skin,Mazie ribbed cotton-blend track pants,$205,//assetsprx.matchesfashion.com/img/product/1377172_1_large.jpg,https://www.matchesfashion.com/us/products/Skin-Mazie-ribbed-cotton-blend-track-pants-1377172
Skin,Kadienne V-neck ribbed cotton-blend tank top,$130,//assetsprx.matchesfashion.com/img/product/1377157_1_large.jpg,https://www.matchesfashion.com/us/products/Skin-Kadienne-V-neck-ribbed-cotton-blend-tank-top-1377157
Skin,Aurora Pima-cotton jersey tank top,$60,//assetsprx.matchesfashion.com/img/product/1357209_1_large.jpg,https://www.matchesfashion.com/us/products/Skin-Aurora-Pima-cotton-jersey-tank-top-1357209
Skin,Noa jersey-blend pyjama trousers,$90,//assetsprx.matchesfashion.com/img/product/1377150_1_large.jpg,https://www.matchesfashion.com/us/products/Skin-Noa-jersey-blend-pyjama-trousers-1377150
Les Tien,High-neck ombré brushed-back cotton sweatshirt,$220,//assetsprx.matchesfashion.com/img/product/1374517_1_large.jpg,https://www.matchesfashion.com/us/products/Les-Tien-High-neck-ombr%C3%A9-brushed-back-cotton-sweatshirt-1374517
Les Tien,Snap-front ombré brushed-back cotton track pants,$238,//assetsprx.matchesfashion.com/img/product/1374516_1_large.jpg,https://www.matchesfashion.com/us/products/Les-Tien-Snap-front-ombr%C3%A9-brushed-back-cotton-track-pants-1374516
Raey,Oversized cashmere-blend hooded sweatshirt ,$430,//assetsprx.matchesfashion.com/img/product/1307031_1_large.jpg,https://www.matchesfashion.com/us/products/Raey-Oversized-cashmere-blend-hooded-sweatshirt--1307031
Raey,Elasticated-waist cashmere-blend track pants ,$375,//assetsprx.matchesfashion.com/img/product/1198653_1_large.jpg,https://www.matchesfashion.com/us/products/Raey-Elasticated-waist-cashmere-blend-track-pants--1198653
Les Tien,Yacht brushed-back cotton sweatshirt,$250,//assetsprx.matchesfashion.com/img/product/1374514_1_large.jpg,https://www.matchesfashion.com/us/products/Les-Tien-Yacht-brushed-back-cotton-sweatshirt-1374514
Les Tien,Brushed-back cotton track pants,$145,//assetsprx.matchesfashion.com/img/product/1374515_1_large.jpg,https://www.matchesfashion.com/us/products/Les-Tien-Brushed-back-cotton-track-pants-1374515
Raey,Dip-hem knitted cashmere sweater,$614,//assetsprx.matchesfashion.com/img/product/1353081_1_large.jpg,https://www.matchesfashion.com/us/products/Raey-Dip-hem-knitted-cashmere-sweater-1353081
Raey,Wide-leg knitted cashmere trousers,$510,//assetsprx.matchesfashion.com/img/product/1353083_1_large.jpg,https://www.matchesfashion.com/us/products/Raey-Wide-leg-knitted-cashmere-trousers-1353083
Les Tien,Ombré brushed-back cotton hooded sweatshirt,$295,//assetsprx.matchesfashion.com/img/product/1374518_1_large.jpg,https://www.matchesfashion.com/us/products/Les-Tien-Ombr%C3%A9-brushed-back-cotton-hooded-sweatshirt-1374518
Les Tien,Ombré brushed-back cotton track pants,$189,//assetsprx.matchesfashion.com/img/product/1374520_1_large.jpg,https://www.matchesfashion.com/us/products/Les-Tien-Ombr%C3%A9-brushed-back-cotton-track-pants-1374520
Lunya,Restore Base long-sleeved cotton-blend T-shirt,$87,//assetsprx.matchesfashion.com/img/product/1386595_1_large.jpg,https://www.matchesfashion.com/us/products/Lunya-Restore-Base-long-sleeved-cotton-blend-T-shirt-1386595
Lunya,Restore cotton-jersey leggings,$97,//assetsprx.matchesfashion.com/img/product/1386597_1_large.jpg,https://www.matchesfashion.com/us/products/Lunya-Restore-cotton-jersey-leggings-1386597
Allude,Cashmere lounge set,"$1,052",//assetsprx.matchesfashion.com/img/product/1373000_1_large.jpg,https://www.matchesfashion.com/us/products/Allude-Cashmere-lounge-set-1373000
Allude,Cashmere lounge set,"$1,052",//assetsprx.matchesfashion.com/img/product/1373003_1_large.jpg,https://www.matchesfashion.com/us/products/Allude-Cashmere-lounge-set-1373003
Isabel Marant Étoile,Moby embroidered-logo cotton-blend sweatshirt	,$315,//assetsprx.matchesfashion.com/img/product/1360075_1_large.jpg,https://www.matchesfashion.com/us/products/Isabel-Marant-%C3%89toile-Moby-embroidered-logo-cotton-blend-sweatshirt%09-1360075
Lunya,Cozy rib-knitted cotton-blend leggings,$188,//assetsprx.matchesfashion.com/img/product/1361438_1_large.jpg,https://www.matchesfashion.com/us/products/Lunya-Cozy-rib-knitted-cotton-blend-leggings-1361438
Skin,Julia V-neck Pima cotton-jersey pyjama top ,$75,//assetsprx.matchesfashion.com/img/product/1357182_1_large.jpg,https://www.matchesfashion.com/us/products/Skin-Julia-V-neck-Pima-cotton-jersey-pyjama-top--1357182
Burberry,Feltham two-tone wool-blend hooded sweatshirt,$800,//assetsprx.matchesfashion.com/img/product/1358864_1_large.jpg,https://www.matchesfashion.com/us/products/Burberry-Feltham-two-tone-wool-blend-hooded-sweatshirt-1358864
Burberry,Fincham two-tone merino-wool track pants,$630,//assetsprx.matchesfashion.com/img/product/1358859_1_large.jpg,https://www.matchesfashion.com/us/products/Burberry-Fincham-two-tone-merino-wool-track-pants-1358859
Moncler,Logo-print cotton-blend jersey hooded sweatshirt,$535,//assetsprx.matchesfashion.com/img/product/1363002_1_large.jpg,https://www.matchesfashion.com/us/products/Moncler-Logo-print-cotton-blend-jersey-hooded-sweatshirt-1363002
Skin,Pima-cotton track pants,$90,//assetsprx.matchesfashion.com/img/product/1301303_1_large.jpg,https://www.matchesfashion.com/us/products/Skin-Pima-cotton-track-pants-1301303
Les Tien,Ombré brushed-back cotton sweatshirt	,$262,//assetsprx.matchesfashion.com/img/product/1374522_1_large.jpg,https://www.matchesfashion.com/us/products/Les-Tien-Ombr%C3%A9-brushed-back-cotton-sweatshirt%09-1374522
Hanro,High-rise ribbed wool-blend thermal leggings,$103,//assetsprx.matchesfashion.com/img/product/1377015_1_large.jpg,https://www.matchesfashion.com/us/products/Hanro-High-rise-ribbed-wool-blend-thermal-leggings-1377015
Les Tien,Ombré brushed-back cotton hooded sweatshirt,$295,//assetsprx.matchesfashion.com/img/product/1374523_1_large.jpg,https://www.matchesfashion.com/us/products/Les-Tien-Ombr%C3%A9-brushed-back-cotton-hooded-sweatshirt-1374523
Skin,Aphrodite Pima-cotton blend biker shorts,$65,//assetsprx.matchesfashion.com/img/product/1357186_1_large.jpg,https://www.matchesfashion.com/us/products/Skin-Aphrodite-Pima-cotton-blend-biker-shorts-1357186
Johnstons Of Elgin,Cashmere hooded track suit and bed-sock set,$585,//assetsprx.matchesfashion.com/img/product/1399834_1_large.jpg,https://www.matchesfashion.com/us/products/Johnstons-Of-Elgin-Cashmere-hooded-track-suit-and-bed-sock-set-1399834
Johnstons Of Elgin,Ultimate Night In cashmere set  ,"$2,600",//assetsprx.matchesfashion.com/img/product/1399848_1_large.jpg,https://www.matchesfashion.com/us/products/Johnstons-Of-Elgin-Ultimate-Night-In-cashmere-set--1399848
Eres,Journal wool-blend pyjama trousers,$585,//assetsprx.matchesfashion.com/img/product/1366624_1_large.jpg,https://www.matchesfashion.com/us/products/Eres-Journal-wool-blend-pyjama-trousers-1366624
Johnstons Of Elgin,"Cashmere hooded sweater, track pants and socks",$585,//assetsprx.matchesfashion.com/img/product/1399833_1_large.jpg,https://www.matchesfashion.com/us/products/Johnstons-Of-Elgin-Cashmere-hooded-sweater%2C-track-pants-and-socks-1399833
Johnstons Of Elgin,"Cashmere hooded sweater, track pants and socks",$585,//assetsprx.matchesfashion.com/img/product/1399832_1_large.jpg,https://www.matchesfashion.com/us/products/Johnstons-Of-Elgin-Cashmere-hooded-sweater%2C-track-pants-and-socks-1399832
Eres,Kiosque wool-blend pyjama top ,$565,//assetsprx.matchesfashion.com/img/product/1366625_1_large.jpg,https://www.matchesfashion.com/us/products/Eres-Kiosque-wool-blend-pyjama-top--1366625
Skin,Calypso organic Pima cotton-blend jersey leggings,$97,//assetsprx.matchesfashion.com/img/product/1357203_1_large.jpg,https://www.matchesfashion.com/us/products/Skin-Calypso-organic-Pima-cotton-blend-jersey-leggings-1357203
Skin,Raisa ribbed cotton-jersey tank top,$55,//assetsprx.matchesfashion.com/img/product/1377147_1_large.jpg,https://www.matchesfashion.com/us/products/Skin-Raisa-ribbed-cotton-jersey-tank-top-1377147
Skin,Marlee cotton wrap cardigan,$266,//assetsprx.matchesfashion.com/img/product/1357180_1_large.jpg,https://www.matchesfashion.com/us/products/Skin-Marlee-cotton-wrap-cardigan-1357180
Skin,Calliope racerback Pima cotton-blend cropped top,$60,//assetsprx.matchesfashion.com/img/product/1377130_1_large.jpg,https://www.matchesfashion.com/us/products/Skin-Calliope-racerback-Pima-cotton-blend-cropped-top-1377130
Skin,Marlee belted organic cotton-blend cardigan,$266,//assetsprx.matchesfashion.com/img/product/1357179_1_large.jpg,https://www.matchesfashion.com/us/products/Skin-Marlee-belted-organic-cotton-blend-cardigan-1357179
About,Virsmas draped jersey jumpsuit,$139,//assetsprx.matchesfashion.com/img/product/1381586_1_large.jpg,https://www.matchesfashion.com/us/products/About-Virsmas-draped-jersey-jumpsuit-1381586
About,Virsmas draped jersey jumpsuit,$139,//assetsprx.matchesfashion.com/img/product/1381581_1_large.jpg,https://www.matchesfashion.com/us/products/About-Virsmas-draped-jersey-jumpsuit-1381581
About,Daili gathered Lyocell-blend jersey dress,$75,//assetsprx.matchesfashion.com/img/product/1381574_1_large.jpg,https://www.matchesfashion.com/us/products/About-Daili-gathered-Lyocell-blend-jersey-dress-1381574
Skin,Ilanit Pima-cotton blend jersey leggings,$81,//assetsprx.matchesfashion.com/img/product/1357178_1_large.jpg,https://www.matchesfashion.com/us/products/Skin-Ilanit-Pima-cotton-blend-jersey-leggings-1357178
Les Tien,Yacht ombré brushed-back cotton sweatshirt,$293,//assetsprx.matchesfashion.com/img/product/1374519_1_large.jpg,https://www.matchesfashion.com/us/products/Les-Tien-Yacht-ombr%C3%A9-brushed-back-cotton-sweatshirt-1374519
About,Sokis asymmetric-hem wool and Lyocell midi dress,$109,//assetsprx.matchesfashion.com/img/product/1381582_1_large.jpg,https://www.matchesfashion.com/us/products/About-Sokis-asymmetric-hem-wool-and-Lyocell-midi-dress-1381582
Skin,Noya ribbed-jersey long-sleeved T-shirt,$110,//assetsprx.matchesfashion.com/img/product/1377148_1_large.jpg,https://www.matchesfashion.com/us/products/Skin-Noya-ribbed-jersey-long-sleeved-T-shirt-1377148
La Perla,Souple lace-trimmed jersey tank top,$155,//assetsprx.matchesfashion.com/img/product/1194872_1_large.jpg,https://www.matchesfashion.com/us/products/La-Perla-Souple-lace-trimmed-jersey-tank-top-1194872
Les Tien,High-neck brushed-back cotton sweatshirt,$180,//assetsprx.matchesfashion.com/img/product/1374512_1_large.jpg,https://www.matchesfashion.com/us/products/Les-Tien-High-neck-brushed-back-cotton-sweatshirt-1374512
Lunya,Cozy pima-cotton-blend pyjama trousers,$146,//assetsprx.matchesfashion.com/img/product/1363491_1_large.jpg,https://www.matchesfashion.com/us/products/Lunya-Cozy-pima-cotton-blend-pyjama-trousers-1363491
Lunya,Restore cotton-blend long-sleeve T-shirt,$87,//assetsprx.matchesfashion.com/img/product/1386596_1_large.jpg,https://www.matchesfashion.com/us/products/Lunya-Restore-cotton-blend-long-sleeve-T-shirt-1386596
Extreme Cashmere,No.124 Vital stretch-cashmere sweater,$720,//assetsprx.matchesfashion.com/img/product/1349480_1_large.jpg,https://www.matchesfashion.com/us/products/Extreme-Cashmere-No-124-Vital-stretch-cashmere-sweater-1349480
Skin,Norma jersey leggings,$110,//assetsprx.matchesfashion.com/img/product/1377151_1_large.jpg,https://www.matchesfashion.com/us/products/Skin-Norma-jersey-leggings-1377151
Commando,Butter modal-blend camisole,$53,//assetsprx.matchesfashion.com/img/product/1373104_1_large.jpg,https://www.matchesfashion.com/us/products/Commando-Butter-modal-blend-camisole-1373104
Skin,Cleo Pima-cotton blend cropped top ,$54,//assetsprx.matchesfashion.com/img/product/1357202_1_large.jpg,https://www.matchesfashion.com/us/products/Skin-Cleo-Pima-cotton-blend-cropped-top--1357202
Rodarte,Radarte-print fleeceback-jersey hooded sweatshirt,$225,//assetsprx.matchesfashion.com/img/product/1378344_1_large.jpg,https://www.matchesfashion.com/us/products/Rodarte-Radarte-print-fleeceback-jersey-hooded-sweatshirt-1378344
Stella McCartney,Julia cady straight-leg trousers,$575,//assetsprx.matchesfashion.com/img/product/1365234_1_large.jpg,https://www.matchesfashion.com/us/products/Stella-McCartney-Julia-cady-straight-leg-trousers-1365234
Hanro,Seamless V-neck cami top,$62,//assetsprx.matchesfashion.com/img/product/193582_1_large.jpg,https://www.matchesfashion.com/us/products/Hanro-Seamless-V-neck-cami-top-193582
Marni,Abstract elbow-patch polka-dot sweatshirt ,"$1,190",//assetsprx.matchesfashion.com/img/product/1362883_1_large.jpg,https://www.matchesfashion.com/us/products/Marni-Abstract-elbow-patch-polka-dot-sweatshirt--1362883
About,Riba cropped-sleeve ribbed lyocell-blend top,$62,//assetsprx.matchesfashion.com/img/product/1381571_1_large.jpg,https://www.matchesfashion.com/us/products/About-Riba-cropped-sleeve-ribbed-lyocell-blend-top-1381571
Skin,Calypso organic Pima cotton-blend jersey leggings,$100,//assetsprx.matchesfashion.com/img/product/1377131_1_large.jpg,https://www.matchesfashion.com/us/products/Skin-Calypso-organic-Pima-cotton-blend-jersey-leggings-1377131
Extreme Cashmere,No. 64 stretch-cashmere T-shirt ,$300,//assetsprx.matchesfashion.com/img/product/1262970_1_large.jpg,https://www.matchesfashion.com/us/products/Extreme-Cashmere-No-64-stretch-cashmere-T-shirt--1262970
Hanro,Seamless V-neck cami top,$62,//assetsprx.matchesfashion.com/img/product/193580_1_large.jpg,https://www.matchesfashion.com/us/products/Hanro-Seamless-V-neck-cami-top-193580
Les Tien,Snap-front brushed-back cotton track pants,$195,//assetsprx.matchesfashion.com/img/product/1374521_1_large.jpg,https://www.matchesfashion.com/us/products/Les-Tien-Snap-front-brushed-back-cotton-track-pants-1374521
Skin,Aurora Pima-cotton jersey tank top,$60,//assetsprx.matchesfashion.com/img/product/1357210_1_large.jpg,https://www.matchesfashion.com/us/products/Skin-Aurora-Pima-cotton-jersey-tank-top-1357210
Les Tien,Snap-front ombré brushed-back cotton track pants,$238,//assetsprx.matchesfashion.com/img/product/1374524_1_large.jpg,https://www.matchesfashion.com/us/products/Les-Tien-Snap-front-ombr%C3%A9-brushed-back-cotton-track-pants-1374524
About,Riba ribbed Lyocell-blend jersey leggings ,$43,//assetsprx.matchesfashion.com/img/product/1381583_1_large.jpg,https://www.matchesfashion.com/us/products/About-Riba-ribbed-Lyocell-blend-jersey-leggings--1381583
Raey,Scoop-neck silk-satin vest,$299,//assetsprx.matchesfashion.com/img/product/1357240_1_large.jpg,https://www.matchesfashion.com/us/products/Raey-Scoop-neck-silk-satin-vest-1357240
Lunya,Resort twill pyjamas,$198,//assetsprx.matchesfashion.com/img/product/1363493_1_large.jpg,https://www.matchesfashion.com/us/products/Lunya-Resort-twill-pyjamas-1363493
Hanro,Seamless V-neck tank top,$62,//assetsprx.matchesfashion.com/img/product/193578_1_large.jpg,https://www.matchesfashion.com/us/products/Hanro-Seamless-V-neck-tank-top-193578
Skin,Raisa ribbed cotton-jersey tank top,$58,//assetsprx.matchesfashion.com/img/product/1301288_1_large.jpg,https://www.matchesfashion.com/us/products/Skin-Raisa-ribbed-cotton-jersey-tank-top-1301288
Isabel Marant Étoile,Moby embroidered-logo cotton-blend sweatshirt,$315,//assetsprx.matchesfashion.com/img/product/1360076_1_large.jpg,https://www.matchesfashion.com/us/products/Isabel-Marant-%C3%89toile-Moby-embroidered-logo-cotton-blend-sweatshirt-1360076
Rodarte,Radarte-print fleeceback-jersey track pants,$218,//assetsprx.matchesfashion.com/img/product/1378345_1_large.jpg,https://www.matchesfashion.com/us/products/Rodarte-Radarte-print-fleeceback-jersey-track-pants-1378345
About,Core antibacterial-jersey camisole,$26,//assetsprx.matchesfashion.com/img/product/1349646_1_large.jpg,https://www.matchesfashion.com/us/products/About-Core-antibacterial-jersey-camisole-1349646
About,Core jersey camisole ,$26,//assetsprx.matchesfashion.com/img/product/1349644_1_large.jpg,https://www.matchesfashion.com/us/products/About-Core-jersey-camisole--1349644
Skin,Cotton-jersey tank top,$58,//assetsprx.matchesfashion.com/img/product/1181572_1_large.jpg,https://www.matchesfashion.com/us/products/Skin-Cotton-jersey-tank-top-1181572
Les Tien,Brushed-back cotton hooded sweatshirt,$250,//assetsprx.matchesfashion.com/img/product/1374513_1_large.jpg,https://www.matchesfashion.com/us/products/Les-Tien-Brushed-back-cotton-hooded-sweatshirt-1374513
La Perla,Souple lace-trimmed jersey tank top ,$155,//assetsprx.matchesfashion.com/img/product/1194871_1_large.jpg,https://www.matchesfashion.com/us/products/La-Perla-Souple-lace-trimmed-jersey-tank-top--1194871
Saint Laurent,Logo-print cotton-jersey hooded sweatshirt,$850,//assetsprx.matchesfashion.com/img/product/1369283_1_large.jpg,https://www.matchesfashion.com/us/products/Saint-Laurent-Logo-print-cotton-jersey-hooded-sweatshirt-1369283
Lunya,Cool Every Body cotton-blend T-shirt,$92,//assetsprx.matchesfashion.com/img/product/1343587_1_large.jpg,https://www.matchesfashion.com/us/products/Lunya-Cool-Every-Body-cotton-blend-T-shirt-1343587
Lunya,Cool Every Body cotton-blend T-shirt,$92,//assetsprx.matchesfashion.com/img/product/1343585_1_large.jpg,https://www.matchesfashion.com/us/products/Lunya-Cool-Every-Body-cotton-blend-T-shirt-1343585
Raey,Recycled-yarn cotton-blend T-shirt,$85,//assetsprx.matchesfashion.com/img/product/1345651_1_large.jpg,https://www.matchesfashion.com/us/products/Raey-Recycled-yarn-cotton-blend-T-shirt-1345651
Skin,Scoop-neck pima-cotton cami top,$53,//assetsprx.matchesfashion.com/img/product/1172265_1_large.jpg,https://www.matchesfashion.com/us/products/Skin-Scoop-neck-pima-cotton-cami-top-1172265
Isabel Marant Étoile,Milly terry-logo cotton-blend sweatshirt,$295,//assetsprx.matchesfashion.com/img/product/1360073_1_large.jpg,https://www.matchesfashion.com/us/products/Isabel-Marant-%C3%89toile-Milly-terry-logo-cotton-blend-sweatshirt-1360073
Lunya,Organic Pima-cotton tank top,$70,//assetsprx.matchesfashion.com/img/product/1343592_1_large.jpg,https://www.matchesfashion.com/us/products/Lunya-Organic-Pima-cotton-tank-top-1343592
Skin,Jenelle Pima cotton-jersey cropped trousers ,$86,//assetsprx.matchesfashion.com/img/product/1357183_1_large.jpg,https://www.matchesfashion.com/us/products/Skin-Jenelle-Pima-cotton-jersey-cropped-trousers--1357183
Skin,Raffaela ruffle-trimmed pima-cotton shorts,$58,//assetsprx.matchesfashion.com/img/product/1301289_1_large.jpg,https://www.matchesfashion.com/us/products/Skin-Raffaela-ruffle-trimmed-pima-cotton-shorts-1301289
Bodas,Pima-cotton cami top,$31,//assetsprx.matchesfashion.com/img/product/1237382_1_large.jpg,https://www.matchesfashion.com/us/products/Bodas-Pima-cotton-cami-top-1237382
Lunya,Restore cotton-blend long-sleeved T-shirt,$88,//assetsprx.matchesfashion.com/img/product/1340782_1_large.jpg,https://www.matchesfashion.com/us/products/Lunya-Restore-cotton-blend-long-sleeved-T-shirt-1340782
Lunya,Restore pyjama travel set,$298,//assetsprx.matchesfashion.com/img/product/1361433_1_large.jpg,https://www.matchesfashion.com/us/products/Lunya-Restore-pyjama-travel-set-1361433
Lunya,Cool ribbed cotton-blend pyjama shorts,$82,//assetsprx.matchesfashion.com/img/product/1343589_1_large.jpg,https://www.matchesfashion.com/us/products/Lunya-Cool-ribbed-cotton-blend-pyjama-shorts-1343589
Raey,Skinny-strap cotton-jersey vest ,$80,//assetsprx.matchesfashion.com/img/product/1184471_1_large.jpg,https://www.matchesfashion.com/us/products/Raey-Skinny-strap-cotton-jersey-vest--1184471
Lunya,Cosy Pima cotton-blend jersey pyjama top,$135,//assetsprx.matchesfashion.com/img/product/1363490_1_large.jpg,https://www.matchesfashion.com/us/products/Lunya-Cosy-Pima-cotton-blend-jersey-pyjama-top-1363490
Lunya,Cozy Pima cotton-blend jersey pyjama trousers,$150,//assetsprx.matchesfashion.com/img/product/1363492_1_large.jpg,https://www.matchesfashion.com/us/products/Lunya-Cozy-Pima-cotton-blend-jersey-pyjama-trousers-1363492
Allude,Cashmere lounge set,"$1,052",//assetsprx.matchesfashion.com/img/product/1373002_1_large.jpg,https://www.matchesfashion.com/us/products/Allude-Cashmere-lounge-set-1373002
Skin,Oona pima-cotton tank top,$53,//assetsprx.matchesfashion.com/img/product/1301285_1_large.jpg,https://www.matchesfashion.com/us/products/Skin-Oona-pima-cotton-tank-top-1301285
Skin,Pima cotton-jersey tank top,$53,//assetsprx.matchesfashion.com/img/product/1301283_1_large.jpg,https://www.matchesfashion.com/us/products/Skin-Pima-cotton-jersey-tank-top-1301283
Skin,Raffaela cotton pyjama shorts ,$58,//assetsprx.matchesfashion.com/img/product/1181584_1_large.jpg,https://www.matchesfashion.com/us/products/Skin-Raffaela-cotton-pyjama-shorts--1181584
Skin,Scoop-neck pima-cotton jersey slip dress,$64,//assetsprx.matchesfashion.com/img/product/1172266_1_large.jpg,https://www.matchesfashion.com/us/products/Skin-Scoop-neck-pima-cotton-jersey-slip-dress-1172266
Skin,Scoop-neck pima-cotton cami top,$53,//assetsprx.matchesfashion.com/img/product/1172264_1_large.jpg,https://www.matchesfashion.com/us/products/Skin-Scoop-neck-pima-cotton-cami-top-1172264
Lunya,Restore cotton-blend jersey leggings,$98,//assetsprx.matchesfashion.com/img/product/1361429_1_large.jpg,https://www.matchesfashion.com/us/products/Lunya-Restore-cotton-blend-jersey-leggings-1361429
Extreme Cashmere,No.124 Vital stretch-cashmere V-neck sweater,$720,//assetsprx.matchesfashion.com/img/product/1333940_1_large.jpg,https://www.matchesfashion.com/us/products/Extreme-Cashmere-No-124-Vital-stretch-cashmere-V-neck-sweater-1333940
Raey,Organic and recycled-yarn cotton-blend sweatshirt,$195,//assetsprx.matchesfashion.com/img/product/1348559_1_large.jpg,https://www.matchesfashion.com/us/products/Raey-Organic-and-recycled-yarn-cotton-blend-sweatshirt-1348559
Raey,Crew-neck cashmere-blend sweatshirt,$375,//assetsprx.matchesfashion.com/img/product/1161858_1_large.jpg,https://www.matchesfashion.com/us/products/Raey-Crew-neck-cashmere-blend-sweatshirt-1161858
Extreme Cashmere,No. 29 stretch-cashmere track shorts,$300,//assetsprx.matchesfashion.com/img/product/1349489_1_large.jpg,https://www.matchesfashion.com/us/products/Extreme-Cashmere-No-29-stretch-cashmere-track-shorts-1349489
Raey,Organic and recycled-yarn cotton-blend track pants,$195,//assetsprx.matchesfashion.com/img/product/1348564_1_large.jpg,https://www.matchesfashion.com/us/products/Raey-Organic-and-recycled-yarn-cotton-blend-track-pants-1348564
Raey,Organic and recycled-yarn cotton-blend track pants,$195,//assetsprx.matchesfashion.com/img/product/1348562_1_large.jpg,https://www.matchesfashion.com/us/products/Raey-Organic-and-recycled-yarn-cotton-blend-track-pants-1348562
Raey,Organic and recycled-yarn cotton-blend sweatshirt,$195,//assetsprx.matchesfashion.com/img/product/1348558_1_large.jpg,https://www.matchesfashion.com/us/products/Raey-Organic-and-recycled-yarn-cotton-blend-sweatshirt-1348558
Raey,Organic and recycled-yarn sweatshirt dress,$295,//assetsprx.matchesfashion.com/img/product/1348548_1_large.jpg,https://www.matchesfashion.com/us/products/Raey-Organic-and-recycled-yarn-sweatshirt-dress-1348548
Raey,Belted ribbed-knit cashmere maxi cardigan ,"$1,027",//assetsprx.matchesfashion.com/img/product/1353082_1_large.jpg,https://www.matchesfashion.com/us/products/Raey-Belted-ribbed-knit-cashmere-maxi-cardigan--1353082
Lunya,Restore pyjama travel set,$298,//assetsprx.matchesfashion.com/img/product/1340789_1_large.jpg,https://www.matchesfashion.com/us/products/Lunya-Restore-pyjama-travel-set-1340789
Lunya,Restore cotton-blend tank top,$58,//assetsprx.matchesfashion.com/img/product/1340784_1_large.jpg,https://www.matchesfashion.com/us/products/Lunya-Restore-cotton-blend-tank-top-1340784
Skin,Pima-cotton track pants,$90,//assetsprx.matchesfashion.com/img/product/1301302_1_large.jpg,https://www.matchesfashion.com/us/products/Skin-Pima-cotton-track-pants-1301302
Skin,Rafaela ruffled-hem cotton-jersey pyjama shorts ,$58,//assetsprx.matchesfashion.com/img/product/1181585_1_large.jpg,https://www.matchesfashion.com/us/products/Skin-Rafaela-ruffled-hem-cotton-jersey-pyjama-shorts--1181585
Skin,Rasia cotton-jersey pyjama tank top,$58,//assetsprx.matchesfashion.com/img/product/1181583_1_large.jpg,https://www.matchesfashion.com/us/products/Skin-Rasia-cotton-jersey-pyjama-tank-top-1181583
Skin,Cotton-jersey tank top,$58,//assetsprx.matchesfashion.com/img/product/1181573_1_large.jpg,https://www.matchesfashion.com/us/products/Skin-Cotton-jersey-tank-top-1181573
